date,product_id,store,price_usd,price_original,currency_original,product_name_found,url_found,flagged,flag_reason
2026-06-12,aceite,central,4.19,"4,19",USD,Aceite Coposa Vegetal 850Mlts,https://tucentralonline.com/Av-Presidente-Medina-02/comprar/viveres/margarinas-y-aceites/?s=aceite+coposa+vegetal+850,False,
2026-06-12,aceite,gama,4.45,"Ref. 4,45",USD,ACEITE VEGETAL VATEL 1 LT,https://gamaenlinea.com/es,False,
2026-06-12,aceite,plansuarez,4.49,"Bs.2,614.80",VES,ACEITE VATEL 1LT VEGETAL,https://www.plansuarez.com/index.php?route=product/search&search=aceite+vegetal,False,
2026-06-12,arroz,central,1.57,"1,57",USD,Arroz Monica Blanco Tipo I 900Gr,https://tucentralonline.com/Av-Presidente-Medina-02/comprar/viveres/arroz-y-granos/?s=arroz+monica+blanco+900,False,
2026-06-12,arroz,gama,2.9,"Ref. 2,90",USD,ARROZ BLANCO PREMIUM TIPO 1 MARY 2 KG,https://gamaenlinea.com/es,False,
2026-06-12,arroz,plansuarez,1.73,"Bs.1,007.70",VES,ARROZ PANTERA 908GR TIPO 1 BLANCO,https://www.plansuarez.com/index.php?route=product/search&search=arroz+blanco,False,
2026-06-12,atun,central,2.37,"2,37",USD,Atun Pafia Lomo en Agua 140Grs,https://tucentralonline.com/Av-Presidente-Medina-02/comprar/viveres/enlatados/?s=atun+pafia+agua+140,True,"Cambio de 40.5% vs semana anterior (anterior: $3.98, nuevo: $2.37)"
2026-06-12,atun,gama,2.35,"Ref. 2,35",USD,ATÚN SÓLIDO EN AGUA GAMA 160 GR,https://gamaenlinea.com/es,False,
2026-06-12,atun,plansuarez,3.25,"Bs.1,893.11",VES,ATUN LA FRAGUA 145GR AHUMADO,https://www.plansuarez.com/index.php?route=product/search&search=atun,False,
2026-06-12,azucar,central,1.99,"1,99",USD,Azucar Kaly Blanca Plastico 1Kg,https://tucentralonline.com/Av-Presidente-Medina-02/comprar/viveres/cafe-y-endulzantes/?s=azucar+kaly+blanca+1kg,False,
2026-06-12,azucar,gama,1.95,"Ref. 1,95",USD,AZÚCAR BLANCA REFINADA AMANECER 1 KG,https://gamaenlinea.com/es,False,
2026-06-12,azucar,plansuarez,1.83,"Bs.1,064.93",VES,AZUCAR AMANECER 1KG REFINADA,https://www.plansuarez.com/index.php?route=product/search&search=azucar,False,
2026-06-12,cafe,central,3.05,"3,05",USD,Cafe Flor De Arauca Gourmet Molido Paq. 200Gr,https://tucentralonline.com/Av-Presidente-Medina-02/comprar/viveres/cafe-y-endulzantes/?s=cafe+flor+arauca+molido+200,False,
2026-06-12,cafe,gama,2.7,"Ref. 2,70",USD,CAFE GOURMET AMANECER 200 GR,https://gamaenlinea.com/es,False,
2026-06-12,cafe,plansuarez,3.0,"Bs.1,748.06",VES,CAFE FLOR DE ARAUCA 200GR,https://www.plansuarez.com/index.php?route=product/search&search=cafe+molido,False,
2026-06-12,caraotas,central,1.29,"1,29",USD,Caraotas Mary Negras 400Gr,https://tucentralonline.com/Av-Presidente-Medina-02/comprar/viveres/arroz-y-granos/?s=caraotas+mary+negras+400,False,
2026-06-12,caraotas,gama,1.28,"Ref. 1,28",USD,CARAOTAS NEGRAS MARY 400 GR,https://gamaenlinea.com/es,False,
2026-06-12,caraotas,plansuarez,1.24,Bs.721.07,VES,CARAOTAS MARY 400GR NEGRAS,https://www.plansuarez.com/index.php?route=product/search&search=caraotas+negras,False,
2026-06-12,carne_molida,central,12.99,"12,99",USD,Carne Molida Premium KG,https://tucentralonline.com/Av-Presidente-Medina-02/comprar/refrigerados/carniceria-pescaderia/carnes-aves/?s=carne+molida+premium+kg,False,
2026-06-12,carne_molida,gama,10.99,"Ref. 10,99",USD,CARNE MOLIDA DE RES 1 KG,https://gamaenlinea.com/es,False,
2026-06-12,carne_molida,plansuarez,11.25,"Bs.6,555.22",VES,CARNE MOLIDA X KG PLANSUAREZ,https://www.plansuarez.com/index.php?route=product/search&search=carne+molida,False,
2026-06-12,cebolla,central,1.89,"1,89",USD,Cebolla Blanca Nacional 1000Gr,https://tucentralonline.com/Av-Presidente-Medina-02/comprar/fruteria-y-vegetales/vegetales/?s=cebolla+blanca+1000,False,
2026-06-12,cebolla,gama,1.39,"Ref. 1,39",USD,CEBOLLA 700 GR,https://gamaenlinea.com/es,False,
2026-06-12,cebolla,plansuarez,0.6,Bs.347.86,VES,BANDEJA CEBOLLA !300! GR,https://www.plansuarez.com/index.php?route=product/search&search=cebolla,False,
2026-06-12,harina_maiz,central,1.17,"1,17",USD,Harina de Maiz Kaly Blanca 1KG,https://tucentralonline.com/Av-Presidente-Medina-02/comprar/viveres/harinas/?s=harina+maiz+kaly+1kg,False,
2026-06-12,harina_maiz,gama,1.2,"Ref. 1,20",USD,HARINA DE MAIZ BLANCO JUANA 1 KG,https://gamaenlinea.com/es,False,
2026-06-12,harina_maiz,plansuarez,1.21,Bs.702.65,VES,HARINA DE MAIZ KALY 1KG BLANCA,https://www.plansuarez.com/index.php?route=product/search&search=harina+de+maiz,False,
2026-06-12,huevos,central,6.99,"6,99",USD,Huevos Rojos Grande Est. 30 Unidades,https://tucentralonline.com/Av-Presidente-Medina-02/comprar/refrigerados/huevos/?s=huevos+rojos+30+unidades,False,
2026-06-12,huevos,gama,7.69,"Ref. 7,69",USD,HUEVOS 30 UN,https://gamaenlinea.com/es,False,
2026-06-12,huevos,plansuarez,6.99,"Bs.4,072.98",VES,HUEVOS EL TUNAL 30UND,https://www.plansuarez.com/index.php?route=product/search&search=huevos,False,
2026-06-12,leche_polvo,central,7.49,"7,49",USD,Leche La Campina En Polvo Completa 400Gr,https://tucentralonline.com/Av-Presidente-Medina-02/comprar/viveres/lacteos-y-derivados/?s=leche+campina+polvo+400,False,
2026-06-12,leche_polvo,gama,6.85,"Ref. 6,85",USD,LECHE EN POLVO COMPLETA CAMPESTRE 400 GR,https://gamaenlinea.com/es,False,
2026-06-12,leche_polvo,plansuarez,6.25,"Bs.3,641.79",VES,LECHE DOBON 400GR COMPLETA,https://www.plansuarez.com/index.php?route=product/search&search=leche+completa,False,
2026-06-12,lentejas,central,1.85,"1,85",USD,Lentejas Mary 400Gr,https://tucentralonline.com/Av-Presidente-Medina-02/comprar/viveres/arroz-y-granos/?s=lentejas+mary+400,False,
2026-06-12,lentejas,gama,1.76,"Ref. 1,76",USD,LENTEJAS MARY 400 GR,https://gamaenlinea.com/es,False,
2026-06-12,lentejas,plansuarez,1.71,Bs.997.85,VES,LENTEJAS MARY 400GR,https://www.plansuarez.com/index.php?route=product/search&search=lentejas,False,
2026-06-12,mantequilla,central,8.7,"8,70",USD,Mantequilla La Paisana Sin Sal Barra 200Gr,https://tucentralonline.com/Av-Presidente-Medina-02/comprar/viveres/margarinas-y-aceites/?s=mantequilla+paisana+200,False,
2026-06-12,mantequilla,gama,9.06,"Ref. 9,06",USD,MANTEQUILLA LA PAISANA 200 GR,https://gamaenlinea.com/es,False,
2026-06-12,mantequilla,plansuarez,5.2,"Bs.3,029.97",VES,BANDEJA MANTEQUILLA SIN SAL !500! G,https://www.plansuarez.com/index.php?route=product/search&search=mantequilla,False,
2026-06-12,margarina,central,2.49,"2,49",USD,Margarina Juana 454Gr,https://tucentralonline.com/Av-Presidente-Medina-02/comprar/viveres/margarinas-y-aceites/?s=margarina+juana+454,False,
2026-06-12,margarina,gama,3.22,"Ref. 3,22",USD,MARGARINA LIGERA MAVESA 500 GR,https://gamaenlinea.com/es,False,
2026-06-12,margarina,plansuarez,2.22,"Bs.1,295.62",VES,MARGARINA JUANA 454GR,https://www.plansuarez.com/index.php?route=product/search&search=margarina,False,
2026-06-12,papa,central,2.95,"2,95",USD,Papa Criolla Lavada KG,https://tucentralonline.com/Av-Presidente-Medina-02/comprar/fruteria-y-vegetales/vegetales/?s=papa+criolla+kg,False,
2026-06-12,papa,gama,2.95,"Ref. 2,95",USD,PAPA LAVADA 1 KG,https://gamaenlinea.com/es,False,
2026-06-12,papa,plansuarez,1.22,Bs.710.88,VES,BANDEJA PAPA !500! GR,https://www.plansuarez.com/index.php?route=product/search&search=papa,False,
2026-06-12,pasta,central,1.45,"1,45",USD,Pasta Galo Spaghetti 500Gr,https://tucentralonline.com/Av-Presidente-Medina-02/comprar/viveres/pastas/?s=spaghetti+galo+500,False,
2026-06-12,pasta,gama,3.56,"Ref. 3,56",USD,PASTA SPAGUETTI SEMOLA TRIGO DURO COLAVITA 500 GR,https://gamaenlinea.com/es,False,
2026-06-12,pasta,plansuarez,2.85,"Bs.1,659.13",VES,PASTA DIVELLA 500GR SPAGHETTI,https://www.plansuarez.com/index.php?route=product/search&search=spaghetti,False,
2026-06-12,platano,central,0.0,,USD,,,False,Producto no disponible en Central Madeirense
2026-06-12,platano,gama,3.27,"Ref. 3,27",USD,"PLATANOS 1,500 KG",https://gamaenlinea.com/es,False,
2026-06-12,platano,plansuarez,1.99,"Bs.1,159.55",VES,PLATANO X KG,https://www.plansuarez.com/index.php?route=product/search&search=platano,False,
2026-06-12,pollo,central,8.98,"8,98",USD,Delicia De Pechuga de Pollo Kg KG,https://tucentralonline.com/Av-Presidente-Medina-02/comprar/refrigerados/carniceria-pescaderia/carnes-aves/?s=pechuga+pollo+kg,False,
2026-06-12,pollo,gama,3.42,"Ref. 3,42",USD,PECHUGA DE POLLO MOVILLA 300 GR,https://gamaenlinea.com/es,False,
2026-06-12,pollo,plansuarez,3.43,"Bs.2,000.71",VES,BANDEJA PECHUGA HERMO DE POLLO !300! GR,https://www.plansuarez.com/index.php?route=product/search&search=pechuga+de+pollo,False,
2026-06-12,queso_blanco,central,14.16,"14,16",USD,Queso Blanco Pasteurizado El Zedeño KG,https://tucentralonline.com/Av-Presidente-Medina-02/comprar/charcuteria/quesos/?s=queso+blanco+zedeno+kg,False,
2026-06-12,queso_blanco,gama,6.24,"Ref. 6,24",USD,QUESO BLANCO DURO FINCA 400 GR,https://gamaenlinea.com/es,False,
2026-06-12,queso_blanco,plansuarez,6.78,"Bs.3,948.28",VES,BANDEJA QUESO PAISA BLANCO !300! GR,https://www.plansuarez.com/index.php?route=product/search&search=queso+blanco,False,
2026-06-12,sal,central,1.07,"1,07",USD,Sal DelMar Refinada Paquete 1Kg,https://tucentralonline.com/Av-Presidente-Medina-02/comprar/viveres/?s=sal+refinada,False,
2026-06-12,sal,gama,1.25,"Ref. 1,25",USD,SAL REFINADA EN BOLSA CELESTIAL SALT 1 KG,https://gamaenlinea.com/es,False,
2026-06-12,sal,plansuarez,0.86,Bs.501.11,VES,SAL ARRECIFE 1KG REFINADA,https://www.plansuarez.com/index.php?route=product/search&search=sal+refinada,False,
2026-06-12,sardinas,central,0.0,,USD,,,False,Producto no disponible en Central Madeirense
2026-06-12,sardinas,gama,1.22,"Ref. 1,22",USD,SARDINAS SALSA TOMATE DI FIORE 155 gr,https://gamaenlinea.com/es,False,
2026-06-12,sardinas,plansuarez,5.8,"Bs.3,379.58",VES,SARDINAS NOYA 184GR ACEITE VEGETAL SIN PIEL/ESPINAS,https://www.plansuarez.com/index.php?route=product/search&search=sardinas,False,
2026-06-12,tomate,central,4.39,"4,39",USD,Tomate Manzano Hidroponico Bandeja,https://tucentralonline.com/Av-Presidente-Medina-02/comprar/fruteria-y-vegetales/vegetales/?s=tomate,False,
2026-06-12,tomate,gama,6.38,"Ref. 6,38",USD,"TOMATE MANZANO EN BANDEJA 1,200 KG",https://gamaenlinea.com/es,False,
2026-06-12,tomate,plansuarez,1.33,Bs.776.92,VES,BANDEJA TOMATE PERITA !500! GR,https://www.plansuarez.com/index.php?route=product/search&search=tomate,False,
2026-06-14,aceite,central,4.19,"4,19",USD,Aceite Coposa Vegetal 850Mlts,https://tucentralonline.com/Av-Presidente-Medina-02/comprar/viveres/margarinas-y-aceites/?s=aceite+coposa+vegetal+850,False,
2026-06-14,aceite,gama,4.45,"Ref. 4,45",USD,ACEITE VEGETAL VATEL 1 LT,https://gamaenlinea.com/es,False,
2026-06-14,aceite,plansuarez,4.49,"Bs.2,614.80",VES,ACEITE VATEL 1LT VEGETAL,https://www.plansuarez.com/index.php?route=product/search&search=aceite+vegetal,False,
2026-06-14,arroz,central,1.57,"1,57",USD,Arroz Monica Blanco Tipo I 900Gr,https://tucentralonline.com/Av-Presidente-Medina-02/comprar/viveres/arroz-y-granos/?s=arroz+monica+blanco+900,False,
2026-06-14,arroz,gama,2.9,"Ref. 2,90",USD,ARROZ BLANCO PREMIUM TIPO 1 MARY 2 KG,https://gamaenlinea.com/es,False,
2026-06-14,arroz,plansuarez,1.73,"Bs.1,007.70",VES,ARROZ PANTERA 908GR TIPO 1 BLANCO,https://www.plansuarez.com/index.php?route=product/search&search=arroz+blanco,False,
2026-06-14,atun,central,2.37,"2,37",USD,Atun Pafia Lomo en Agua 140Grs,https://tucentralonline.com/Av-Presidente-Medina-02/comprar/viveres/enlatados/?s=atun+pafia+agua+140,False,
2026-06-14,atun,gama,2.35,"Ref. 2,35",USD,ATÚN SÓLIDO EN AGUA GAMA 160 GR,https://gamaenlinea.com/es,False,
2026-06-14,atun,plansuarez,3.25,"Bs.1,893.11",VES,ATUN LA FRAGUA 145GR AHUMADO,https://www.plansuarez.com/index.php?route=product/search&search=atun,False,
2026-06-14,azucar,central,1.99,"1,99",USD,Azucar Kaly Blanca Plastico 1Kg,https://tucentralonline.com/Av-Presidente-Medina-02/comprar/viveres/cafe-y-endulzantes/?s=azucar+kaly+blanca+1kg,False,
2026-06-14,azucar,gama,1.95,"Ref. 1,95",USD,AZÚCAR BLANCA REFINADA AMANECER 1 KG,https://gamaenlinea.com/es,False,
2026-06-14,azucar,plansuarez,1.83,"Bs.1,064.93",VES,AZUCAR AMANECER 1KG REFINADA,https://www.plansuarez.com/index.php?route=product/search&search=azucar,False,
2026-06-14,cafe,central,3.05,"3,05",USD,Cafe Flor De Arauca Gourmet Molido Paq. 200Gr,https://tucentralonline.com/Av-Presidente-Medina-02/comprar/viveres/cafe-y-endulzantes/?s=cafe+flor+arauca+molido+200,False,
2026-06-14,cafe,gama,2.7,"Ref. 2,70",USD,CAFE GOURMET AMANECER 200 GR,https://gamaenlinea.com/es,False,
2026-06-14,cafe,plansuarez,3.0,"Bs.1,748.06",VES,CAFE FLOR DE ARAUCA 200GR,https://www.plansuarez.com/index.php?route=product/search&search=cafe+molido,False,
2026-06-14,caraotas,central,1.29,"1,29",USD,Caraotas Mary Negras 400Gr,https://tucentralonline.com/Av-Presidente-Medina-02/comprar/viveres/arroz-y-granos/?s=caraotas+mary+negras+400,False,
2026-06-14,caraotas,gama,1.28,"Ref. 1,28",USD,CARAOTAS NEGRAS MARY 400 GR,https://gamaenlinea.com/es,False,
2026-06-14,caraotas,plansuarez,1.24,Bs.721.07,VES,CARAOTAS MARY 400GR NEGRAS,https://www.plansuarez.com/index.php?route=product/search&search=caraotas+negras,False,
2026-06-14,carne_molida,central,12.99,"12,99",USD,Carne Molida Premium KG,https://tucentralonline.com/Av-Presidente-Medina-02/comprar/refrigerados/carniceria-pescaderia/carnes-aves/?s=carne+molida+premium+kg,False,
2026-06-14,carne_molida,gama,10.99,"Ref. 10,99",USD,CARNE MOLIDA DE RES 1 KG,https://gamaenlinea.com/es,False,
2026-06-14,carne_molida,plansuarez,11.25,"Bs.6,555.22",VES,CARNE MOLIDA X KG PLANSUAREZ,https://www.plansuarez.com/index.php?route=product/search&search=carne+molida,False,
2026-06-14,cebolla,central,1.89,"1,89",USD,Cebolla Blanca Nacional 1000Gr,https://tucentralonline.com/Av-Presidente-Medina-02/comprar/fruteria-y-vegetales/vegetales/?s=cebolla+blanca+1000,False,
2026-06-14,cebolla,gama,1.39,"Ref. 1,39",USD,CEBOLLA 700 GR,https://gamaenlinea.com/es,False,
2026-06-14,cebolla,plansuarez,6.4,"Bs.3,729.19",VES,AJO CEBOLLA PEREJIL X KG MOLIDO,https://www.plansuarez.com/index.php?route=product/search&search=cebolla,True,"Cambio de 966.7% vs semana anterior (anterior: $0.60, nuevo: $6.40)"
2026-06-14,harina_maiz,central,1.17,"1,17",USD,Harina de Maiz Kaly Blanca 1KG,https://tucentralonline.com/Av-Presidente-Medina-02/comprar/viveres/harinas/?s=harina+maiz+kaly+1kg,False,
2026-06-14,harina_maiz,gama,1.2,"Ref. 1,20",USD,HARINA DE MAIZ BLANCO JUANA 1 KG,https://gamaenlinea.com/es,False,
2026-06-14,harina_maiz,plansuarez,1.21,Bs.702.65,VES,HARINA DE MAIZ KALY 1KG BLANCA,https://www.plansuarez.com/index.php?route=product/search&search=harina+de+maiz,False,
2026-06-14,huevos,central,5.88,"5,88",USD,Huevos Rojos Grande Est. 30 Unidades,https://tucentralonline.com/Av-Presidente-Medina-02/comprar/refrigerados/huevos/?s=huevos+rojos+30+unidades,False,
2026-06-14,huevos,gama,7.49,"Ref. 7,49",USD,HUEVOS 30 UN,https://gamaenlinea.com/es,False,
2026-06-14,huevos,plansuarez,6.99,"Bs.4,072.98",VES,HUEVOS EL TUNAL 30UND,https://www.plansuarez.com/index.php?route=product/search&search=huevos,False,
2026-06-14,leche_polvo,central,7.49,"7,49",USD,Leche La Campina En Polvo Completa 400Gr,https://tucentralonline.com/Av-Presidente-Medina-02/comprar/viveres/lacteos-y-derivados/?s=leche+campina+polvo+400,False,
2026-06-14,leche_polvo,gama,6.85,"Ref. 6,85",USD,LECHE EN POLVO COMPLETA CAMPESTRE 400 GR,https://gamaenlinea.com/es,False,
2026-06-14,leche_polvo,plansuarez,6.25,"Bs.3,641.79",VES,LECHE DOBON 400GR COMPLETA,https://www.plansuarez.com/index.php?route=product/search&search=leche+completa,False,
2026-06-14,lentejas,central,1.85,"1,85",USD,Lentejas Mary 400Gr,https://tucentralonline.com/Av-Presidente-Medina-02/comprar/viveres/arroz-y-granos/?s=lentejas+mary+400,False,
2026-06-14,lentejas,gama,1.76,"Ref. 1,76",USD,LENTEJAS MARY 400 GR,https://gamaenlinea.com/es,False,
2026-06-14,lentejas,plansuarez,1.71,Bs.997.85,VES,LENTEJAS MARY 400GR,https://www.plansuarez.com/index.php?route=product/search&search=lentejas,False,
2026-06-14,mantequilla,central,8.7,"8,70",USD,Mantequilla La Paisana Sin Sal Barra 200Gr,https://tucentralonline.com/Av-Presidente-Medina-02/comprar/viveres/margarinas-y-aceites/?s=mantequilla+paisana+200,False,
2026-06-14,mantequilla,gama,9.06,"Ref. 9,06",USD,MANTEQUILLA LA PAISANA 200 GR,https://gamaenlinea.com/es,False,
2026-06-14,mantequilla,plansuarez,2.67,"Bs.1,553.85",VES,GALLETAS EMECE 125GR MANTEQUILLA,https://www.plansuarez.com/index.php?route=product/search&search=mantequilla,True,"Cambio de 48.7% vs semana anterior (anterior: $5.20, nuevo: $2.67)"
2026-06-14,margarina,central,2.49,"2,49",USD,Margarina Juana 454Gr,https://tucentralonline.com/Av-Presidente-Medina-02/comprar/viveres/margarinas-y-aceites/?s=margarina+juana+454,False,
2026-06-14,margarina,gama,3.22,"Ref. 3,22",USD,MARGARINA LIGERA MAVESA 500 GR,https://gamaenlinea.com/es,False,
2026-06-14,margarina,plansuarez,2.22,"Bs.1,295.62",VES,MARGARINA JUANA 454GR,https://www.plansuarez.com/index.php?route=product/search&search=margarina,False,
2026-06-14,papa,central,2.95,"2,95",USD,Papa Criolla Lavada KG,https://tucentralonline.com/Av-Presidente-Medina-02/comprar/fruteria-y-vegetales/vegetales/?s=papa+criolla+kg,False,
2026-06-14,papa,gama,2.95,"Ref. 2,95",USD,PAPA LAVADA 1 KG,https://gamaenlinea.com/es,False,
2026-06-14,papa,plansuarez,1.22,Bs.710.88,VES,BANDEJA PAPA !500! GR,https://www.plansuarez.com/index.php?route=product/search&search=papa,False,
2026-06-14,pasta,central,1.45,"1,45",USD,Pasta Galo Spaghetti 500Gr,https://tucentralonline.com/Av-Presidente-Medina-02/comprar/viveres/pastas/?s=spaghetti+galo+500,False,
2026-06-14,pasta,gama,3.56,"Ref. 3,56",USD,PASTA SPAGUETTI SEMOLA TRIGO DURO COLAVITA 500 GR,https://gamaenlinea.com/es,False,
2026-06-14,pasta,plansuarez,2.85,"Bs.1,659.13",VES,PASTA DIVELLA 500GR SPAGHETTI,https://www.plansuarez.com/index.php?route=product/search&search=spaghetti,False,
2026-06-14,platano,central,0.0,,USD,,,False,Producto no disponible en Central Madeirense
2026-06-14,platano,gama,3.27,"Ref. 3,27",USD,"PLATANOS 1,500 KG",https://gamaenlinea.com/es,False,
2026-06-14,platano,plansuarez,1.99,"Bs.1,159.55",VES,PLATANO X KG,https://www.plansuarez.com/index.php?route=product/search&search=platano,False,
2026-06-14,pollo,central,8.98,"8,98",USD,Delicia De Pechuga de Pollo Kg KG,https://tucentralonline.com/Av-Presidente-Medina-02/comprar/refrigerados/carniceria-pescaderia/carnes-aves/?s=pechuga+pollo+kg,False,
2026-06-14,pollo,gama,7.25,"Ref. 7,25",USD,PECHUGA DE POLLO CON HUESO 1 KG,https://gamaenlinea.com/es,True,"Cambio de 112.0% vs semana anterior (anterior: $3.42, nuevo: $7.25)"
2026-06-14,pollo,plansuarez,3.43,"Bs.2,000.71",VES,BANDEJA PECHUGA HERMO DE POLLO !300! GR,https://www.plansuarez.com/index.php?route=product/search&search=pechuga+de+pollo,False,
2026-06-14,queso_blanco,central,14.16,"14,16",USD,Queso Blanco Pasteurizado El Zedeño KG,https://tucentralonline.com/Av-Presidente-Medina-02/comprar/charcuteria/quesos/?s=queso+blanco+zedeno+kg,False,
2026-06-14,queso_blanco,gama,6.24,"Ref. 6,24",USD,QUESO BLANCO DURO FINCA 400 GR,https://gamaenlinea.com/es,False,
2026-06-14,queso_blanco,plansuarez,5.73,"Bs.3,340.73",VES,BANDEJA QUESO BLANCO DON ARMANDO !500! G,https://www.plansuarez.com/index.php?route=product/search&search=queso+blanco,False,
2026-06-14,sal,central,1.07,"1,07",USD,Sal DelMar Refinada Paquete 1Kg,https://tucentralonline.com/Av-Presidente-Medina-02/comprar/viveres/?s=sal+refinada,False,
2026-06-14,sal,gama,1.25,"Ref. 1,25",USD,SAL REFINADA EN BOLSA CELESTIAL SALT 1 KG,https://gamaenlinea.com/es,False,
2026-06-14,sal,plansuarez,0.86,Bs.501.11,VES,SAL ARRECIFE 1KG REFINADA,https://www.plansuarez.com/index.php?route=product/search&search=sal+refinada,False,
2026-06-14,sardinas,central,0.0,,USD,,,False,Producto no disponible en Central Madeirense
2026-06-14,sardinas,gama,1.22,"Ref. 1,22",USD,SARDINAS SALSA TOMATE DI FIORE 155 gr,https://gamaenlinea.com/es,False,
2026-06-14,sardinas,plansuarez,5.8,"Bs.3,379.58",VES,SARDINAS NOYA 184GR ACEITE VEGETAL SIN PIEL/ESPINAS,https://www.plansuarez.com/index.php?route=product/search&search=sardinas,False,
2026-06-14,tomate,central,4.39,"4,39",USD,Tomate Manzano Hidroponico Bandeja,https://tucentralonline.com/Av-Presidente-Medina-02/comprar/fruteria-y-vegetales/vegetales/?s=tomate,False,
2026-06-14,tomate,gama,6.38,"Ref. 6,38",USD,"TOMATE MANZANO EN BANDEJA 1,200 KG",https://gamaenlinea.com/es,False,
2026-06-14,tomate,plansuarez,1.33,Bs.776.92,VES,BANDEJA TOMATE PERITA !500! GR,https://www.plansuarez.com/index.php?route=product/search&search=tomate,False,
2026-06-21,aceite,central,3.75,"3,75",USD,Aceite Coposa Vegetal 850Mlts,https://tucentralonline.com/Av-Presidente-Medina-02/comprar/viveres/margarinas-y-aceites/?s=aceite+coposa+vegetal+850,False,
2026-06-21,aceite,gama,4.38,"Ref. 4,38",USD,ACEITE VEGETAL VATEL 1 LT,https://gamaenlinea.com/es,False,
2026-06-21,aceite,plansuarez,0.0,,VES,,https://www.plansuarez.com/index.php?route=product/search&search=aceite+vegetal,True,Sin resultados para 'aceite vegetal'
2026-06-21,arroz,central,1.45,"1,45",USD,Arroz Monica Blanco Tipo I 900Gr,https://tucentralonline.com/Av-Presidente-Medina-02/comprar/viveres/arroz-y-granos/?s=arroz+monica+blanco+900,False,
2026-06-21,arroz,gama,2.99,"Ref. 2,99",USD,ARROZ BLANCO PREMIUM TIPO 1 MARY 2 KG,https://gamaenlinea.com/es,False,
2026-06-21,arroz,plansuarez,0.0,,VES,,https://www.plansuarez.com/index.php?route=product/search&search=arroz+blanco,True,Sin resultados para 'arroz blanco'
2026-06-21,atun,central,2.29,"2,29",USD,Atun Pafia Lomo en Agua 140Grs,https://tucentralonline.com/Av-Presidente-Medina-02/comprar/viveres/enlatados/?s=atun+pafia+agua+140,False,
2026-06-21,atun,gama,2.35,"Ref. 2,35",USD,ATÚN SÓLIDO EN AGUA GAMA 160 GR,https://gamaenlinea.com/es,False,
2026-06-21,atun,plansuarez,0.0,,VES,,https://www.plansuarez.com/index.php?route=product/search&search=atun,True,Sin resultados para 'atun'
2026-06-21,azucar,central,1.99,"1,99",USD,Azucar Kaly Blanca Plastico 1Kg,https://tucentralonline.com/Av-Presidente-Medina-02/comprar/viveres/cafe-y-endulzantes/?s=azucar+kaly+blanca+1kg,False,
2026-06-21,azucar,gama,2.14,"Ref. 2,14",USD,AZÚCAR BLANCA REFINADA AMANECER 1 KG,https://gamaenlinea.com/es,False,
2026-06-21,azucar,plansuarez,0.0,,VES,,https://www.plansuarez.com/index.php?route=product/search&search=azucar,True,Sin resultados para 'azucar'
2026-06-21,cafe,central,3.05,"3,05",USD,Cafe Flor De Arauca Gourmet Molido Paq. 200Gr,https://tucentralonline.com/Av-Presidente-Medina-02/comprar/viveres/cafe-y-endulzantes/?s=cafe+flor+arauca+molido+200,False,
2026-06-21,cafe,gama,2.7,"Ref. 2,70",USD,CAFE GOURMET AMANECER 200 GR,https://gamaenlinea.com/es,False,
2026-06-21,cafe,plansuarez,0.0,,VES,,https://www.plansuarez.com/index.php?route=product/search&search=cafe+molido,True,Sin resultados para 'cafe molido'
2026-06-21,caraotas,central,1.15,"1,15",USD,Caraotas Mary Negras 400Gr,https://tucentralonline.com/Av-Presidente-Medina-02/comprar/viveres/arroz-y-granos/?s=caraotas+mary+negras+400,False,
2026-06-21,caraotas,gama,1.28,"Ref. 1,28",USD,CARAOTAS NEGRAS MARY 400 GR,https://gamaenlinea.com/es,False,
2026-06-21,caraotas,plansuarez,0.0,,VES,,https://www.plansuarez.com/index.php?route=product/search&search=caraotas+negras,True,Sin resultados para 'caraotas negras'
2026-06-21,carne_molida,central,12.99,"12,99",USD,Carne Molida Premium KG,https://tucentralonline.com/Av-Presidente-Medina-02/comprar/refrigerados/carniceria-pescaderia/carnes-aves/?s=carne+molida+premium+kg,False,
2026-06-21,carne_molida,gama,10.99,"Ref. 10,99",USD,CARNE MOLIDA DE RES 1 KG,https://gamaenlinea.com/es,False,
2026-06-21,carne_molida,plansuarez,0.0,,VES,,https://www.plansuarez.com/index.php?route=product/search&search=carne+molida,True,Sin resultados para 'carne molida'
2026-06-21,cebolla,central,2.39,"2,39",USD,Cebolla Blanca Nacional 1000Gr,https://tucentralonline.com/Av-Presidente-Medina-02/comprar/fruteria-y-vegetales/vegetales/?s=cebolla+blanca+1000,False,
2026-06-21,cebolla,gama,1.81,"Ref. 1,81",USD,CEBOLLA 700 GR,https://gamaenlinea.com/es,True,"Cambio de 30.2% vs semana anterior (anterior: $1.39, nuevo: $1.81)"
2026-06-21,cebolla,plansuarez,0.0,,VES,,https://www.plansuarez.com/index.php?route=product/search&search=cebolla,True,Sin resultados para 'cebolla'
2026-06-21,harina_maiz,central,1.17,"1,17",USD,Harina de Maiz Kaly Blanca 1KG,https://tucentralonline.com/Av-Presidente-Medina-02/comprar/viveres/harinas/?s=harina+maiz+kaly+1kg,False,
2026-06-21,harina_maiz,gama,1.07,"Ref. 1,07",USD,HARINA DE MAIZ BLANCO MARY 900 GR,https://gamaenlinea.com/es,False,
2026-06-21,harina_maiz,plansuarez,0.0,,VES,,https://www.plansuarez.com/index.php?route=product/search&search=harina+de+maiz,True,Sin resultados para 'harina de maiz'
2026-06-21,huevos,central,5.78,"5,78",USD,Huevos Rojos Grande Est. 30 Unidades,https://tucentralonline.com/Av-Presidente-Medina-02/comprar/refrigerados/huevos/?s=huevos+rojos+30+unidades,False,
2026-06-21,huevos,gama,6.56,"Ref. 6,56",USD,HUEVOS 30 UN,https://gamaenlinea.com/es,False,
2026-06-21,huevos,plansuarez,0.0,,VES,,https://www.plansuarez.com/index.php?route=product/search&search=huevos,True,Sin resultados para 'huevos'
2026-06-21,leche_polvo,central,7.49,"7,49",USD,Leche La Campina En Polvo Completa 400Gr,https://tucentralonline.com/Av-Presidente-Medina-02/comprar/viveres/lacteos-y-derivados/?s=leche+campina+polvo+400,False,
2026-06-21,leche_polvo,gama,7.89,"Ref. 7,89",USD,LECHE COMPLETA EN POLVO SAN SIMÓN 400 GR,https://gamaenlinea.com/es,False,
2026-06-21,leche_polvo,plansuarez,0.0,,VES,,https://www.plansuarez.com/index.php?route=product/search&search=leche+completa,True,Sin resultados para 'leche completa'
2026-06-21,lentejas,central,1.55,"1,55",USD,Lentejas Mary 400Gr,https://tucentralonline.com/Av-Presidente-Medina-02/comprar/viveres/arroz-y-granos/?s=lentejas+mary+400,False,
2026-06-21,lentejas,gama,1.73,"Ref. 1,73",USD,LENTEJAS MARY 400 GR,https://gamaenlinea.com/es,False,
2026-06-21,lentejas,plansuarez,0.0,,VES,,https://www.plansuarez.com/index.php?route=product/search&search=lentejas,True,Sin resultados para 'lentejas'
2026-06-21,mantequilla,central,8.7,"8,70",USD,Mantequilla La Paisana Sin Sal Barra 200Gr,https://tucentralonline.com/Av-Presidente-Medina-02/comprar/viveres/margarinas-y-aceites/?s=mantequilla+paisana+200,False,
2026-06-21,mantequilla,gama,9.06,"Ref. 9,06",USD,MANTEQUILLA LA PAISANA 200 GR,https://gamaenlinea.com/es,False,
2026-06-21,mantequilla,plansuarez,0.0,,VES,,https://www.plansuarez.com/index.php?route=product/search&search=mantequilla,True,Sin resultados para 'mantequilla'
2026-06-21,margarina,central,2.49,"2,49",USD,Margarina Juana 454Gr,https://tucentralonline.com/Av-Presidente-Medina-02/comprar/viveres/margarinas-y-aceites/?s=margarina+juana+454,False,
2026-06-21,margarina,gama,3.12,"Ref. 3,12",USD,MARGARINA NORMAL MAVESA 500 GR,https://gamaenlinea.com/es,False,
2026-06-21,margarina,plansuarez,0.0,,VES,,https://www.plansuarez.com/index.php?route=product/search&search=margarina,True,Sin resultados para 'margarina'
2026-06-21,papa,central,2.95,"2,95",USD,Papa Criolla Lavada KG,https://tucentralonline.com/Av-Presidente-Medina-02/comprar/fruteria-y-vegetales/vegetales/?s=papa+criolla+kg,False,
2026-06-21,papa,gama,2.95,"Ref. 2,95",USD,PAPA LAVADA 1 KG,https://gamaenlinea.com/es,False,
2026-06-21,papa,plansuarez,0.0,,VES,,https://www.plansuarez.com/index.php?route=product/search&search=papa,True,Sin resultados para 'papa'
2026-06-21,pasta,central,1.16,"1,16",USD,Pasta Galo Spaghetti 500Gr,https://tucentralonline.com/Av-Presidente-Medina-02/comprar/viveres/pastas/?s=spaghetti+galo+500,False,
2026-06-21,pasta,gama,3.56,"Ref. 3,56",USD,PASTA SPAGUETTI SEMOLA TRIGO DURO COLAVITA 500 GR,https://gamaenlinea.com/es,False,
2026-06-21,pasta,plansuarez,0.0,,VES,,https://www.plansuarez.com/index.php?route=product/search&search=spaghetti,True,Sin resultados para 'spaghetti'
2026-06-21,platano,central,0.0,,USD,,,False,Producto no disponible en Central Madeirense
2026-06-21,platano,gama,3.27,"Ref. 3,27",USD,"PLATANOS 1,500 KG",https://gamaenlinea.com/es,False,
2026-06-21,platano,plansuarez,0.0,,VES,,https://www.plansuarez.com/index.php?route=product/search&search=platano,True,Sin resultados para 'platano'
2026-06-21,pollo,central,7.4,"7,40",USD,Delicia De Pechuga de Pollo Kg KG,https://tucentralonline.com/Av-Presidente-Medina-02/comprar/refrigerados/carniceria-pescaderia/carnes-aves/?s=pechuga+pollo+kg,False,
2026-06-21,pollo,gama,8.87,"Ref. 8,87",USD,"PECHUGA DE POLLO SIN HUESO 1,200 KG",https://gamaenlinea.com/es,False,
2026-06-21,pollo,plansuarez,0.0,,VES,,https://www.plansuarez.com/index.php?route=product/search&search=pechuga+de+pollo,True,Sin resultados para 'pechuga de pollo'
2026-06-21,queso_blanco,central,14.16,"14,16",USD,Queso Blanco Pasteurizado El Zedeño KG,https://tucentralonline.com/Av-Presidente-Medina-02/comprar/charcuteria/quesos/?s=queso+blanco+zedeno+kg,False,
2026-06-21,queso_blanco,gama,2.4,"Ref. 2,40",USD,QUESO BLANCO DURO LLANERO 400 GR,https://gamaenlinea.com/es,True,"Cambio de 61.5% vs semana anterior (anterior: $6.24, nuevo: $2.40)"
2026-06-21,queso_blanco,plansuarez,0.0,,VES,,https://www.plansuarez.com/index.php?route=product/search&search=queso+blanco,True,Sin resultados para 'queso blanco'
2026-06-21,sal,central,1.07,"1,07",USD,Sal DelMar Refinada Paquete 1Kg,https://tucentralonline.com/Av-Presidente-Medina-02/comprar/viveres/?s=sal+refinada,False,
2026-06-21,sal,gama,1.25,"Ref. 1,25",USD,SAL REFINADA EN BOLSA CELESTIAL SALT 1 KG,https://gamaenlinea.com/es,False,
2026-06-21,sal,plansuarez,0.0,,VES,,https://www.plansuarez.com/index.php?route=product/search&search=sal+refinada,True,Sin resultados para 'sal refinada'
2026-06-21,sardinas,central,0.0,,USD,,,False,Producto no disponible en Central Madeirense
2026-06-21,sardinas,gama,1.39,"Ref. 1,39",USD,SARDINAS ACEITE VEGETAL POSEIDON 170 GR,https://gamaenlinea.com/es,False,
2026-06-21,sardinas,plansuarez,0.0,,VES,,https://www.plansuarez.com/index.php?route=product/search&search=sardinas,True,Sin resultados para 'sardinas'
2026-06-21,tomate,central,0.0,,USD,,https://tucentralonline.com/Av-Presidente-Medina-02/comprar/fruteria-y-vegetales/vegetales/?s=tomate,True,Producto 'tomate' no encontrado en https://tucentralonline.com/Av-Presidente-Medina-02/comprar/fruteria-y-vegetales/vegetales/?s=tomate
2026-06-21,tomate,gama,6.38,"Ref. 6,38",USD,"TOMATE MANZANO EN BANDEJA 1,200 KG",https://gamaenlinea.com/es,False,
2026-06-21,tomate,plansuarez,0.0,,VES,,https://www.plansuarez.com/index.php?route=product/search&search=tomate,True,Sin resultados para 'tomate'
2026-06-28,aceite,central,4.19,"4,19",USD,Aceite Coposa Vegetal 850Mlts,https://tucentralonline.com/Av-Presidente-Medina-02/comprar/viveres/margarinas-y-aceites/?s=aceite+coposa+vegetal+850,False,
2026-06-28,aceite,gama,4.25,"Ref. 4,25",USD,ACEITE VEGETAL VATEL 1 LT,https://gamaenlinea.com/es,False,
2026-06-28,aceite,plansuarez,0.0,,VES,,https://www.plansuarez.com/index.php?route=product/search&search=aceite+vegetal,True,Sin resultados para 'aceite vegetal'
2026-06-28,arroz,central,1.45,"1,45",USD,Arroz Monica Blanco Tipo I 900Gr,https://tucentralonline.com/Av-Presidente-Medina-02/comprar/viveres/arroz-y-granos/?s=arroz+monica+blanco+900,False,
2026-06-28,arroz,gama,2.57,"Ref. 2,57",USD,ARROZ BLANCO PREMIUM TIPO 1 MARY 2 KG,https://gamaenlinea.com/es,False,
2026-06-28,arroz,plansuarez,0.0,,VES,,https://www.plansuarez.com/index.php?route=product/search&search=arroz+blanco,True,Sin resultados para 'arroz blanco'
2026-06-28,atun,central,2.29,"2,29",USD,Atun Pafia Lomo en Agua 140Grs,https://tucentralonline.com/Av-Presidente-Medina-02/comprar/viveres/enlatados/?s=atun+pafia+agua+140,False,
2026-06-28,atun,gama,2.35,"Ref. 2,35",USD,ATÚN SÓLIDO EN AGUA GAMA 160 GR,https://gamaenlinea.com/es,False,
2026-06-28,atun,plansuarez,0.0,,VES,,https://www.plansuarez.com/index.php?route=product/search&search=atun,True,Sin resultados para 'atun'
2026-06-28,azucar,central,1.99,"1,99",USD,Azucar Kaly Blanca Plastico 1Kg,https://tucentralonline.com/Av-Presidente-Medina-02/comprar/viveres/cafe-y-endulzantes/?s=azucar+kaly+blanca+1kg,False,
2026-06-28,azucar,gama,2.01,"Ref. 2,01",USD,AZÚCAR BLANCA REFINADA AMANECER 1 KG,https://gamaenlinea.com/es,False,
2026-06-28,azucar,plansuarez,0.0,,VES,,https://www.plansuarez.com/index.php?route=product/search&search=azucar,True,Sin resultados para 'azucar'
2026-06-28,cafe,central,3.05,"3,05",USD,Cafe Flor De Arauca Gourmet Molido Paq. 200Gr,https://tucentralonline.com/Av-Presidente-Medina-02/comprar/viveres/cafe-y-endulzantes/?s=cafe+flor+arauca+molido+200,False,
2026-06-28,cafe,gama,2.7,"Ref. 2,70",USD,CAFE GOURMET AMANECER 200 GR,https://gamaenlinea.com/es,False,
2026-06-28,cafe,plansuarez,0.0,,VES,,https://www.plansuarez.com/index.php?route=product/search&search=cafe+molido,True,Sin resultados para 'cafe molido'
2026-06-28,caraotas,central,1.15,"1,15",USD,Caraotas Mary Negras 400Gr,https://tucentralonline.com/Av-Presidente-Medina-02/comprar/viveres/arroz-y-granos/?s=caraotas+mary+negras+400,False,
2026-06-28,caraotas,gama,1.11,"Ref. 1,11",USD,CARAOTAS NEGRAS MARY 400 GR,https://gamaenlinea.com/es,False,
2026-06-28,caraotas,plansuarez,0.0,,VES,,https://www.plansuarez.com/index.php?route=product/search&search=caraotas+negras,True,Sin resultados para 'caraotas negras'
2026-06-28,carne_molida,central,12.99,"12,99",USD,Carne Molida Premium KG,https://tucentralonline.com/Av-Presidente-Medina-02/comprar/refrigerados/carniceria-pescaderia/carnes-aves/?s=carne+molida+premium+kg,False,
2026-06-28,carne_molida,gama,9.99,"Ref. 9,99",USD,CARNE MOLIDA DE RES 1 KG,https://gamaenlinea.com/es,False,
2026-06-28,carne_molida,plansuarez,0.0,,VES,,https://www.plansuarez.com/index.php?route=product/search&search=carne+molida,True,Sin resultados para 'carne molida'
2026-06-28,cebolla,central,2.39,"2,39",USD,Cebolla Blanca Nacional 1000Gr,https://tucentralonline.com/Av-Presidente-Medina-02/comprar/fruteria-y-vegetales/vegetales/?s=cebolla+blanca+1000,False,
2026-06-28,cebolla,gama,1.81,"Ref. 1,81",USD,CEBOLLA 700 GR,https://gamaenlinea.com/es,False,
2026-06-28,cebolla,plansuarez,0.0,,VES,,https://www.plansuarez.com/index.php?route=product/search&search=cebolla,True,Sin resultados para 'cebolla'
2026-06-28,harina_maiz,central,1.17,"1,17",USD,Harina de Maiz Kaly Blanca 1KG,https://tucentralonline.com/Av-Presidente-Medina-02/comprar/viveres/harinas/?s=harina+maiz+kaly+1kg,False,
2026-06-28,harina_maiz,gama,1.19,"Ref. 1,19",USD,HARINA DE MAIZ BLANCO JUANA 1 KG,https://gamaenlinea.com/es,False,
2026-06-28,harina_maiz,plansuarez,0.0,,VES,,https://www.plansuarez.com/index.php?route=product/search&search=harina+de+maiz,True,Sin resultados para 'harina de maiz'
2026-06-28,huevos,central,4.99,"4,99",USD,Huevos Rojos Grande Est. 30 Unidades,https://tucentralonline.com/Av-Presidente-Medina-02/comprar/refrigerados/huevos/?s=huevos+rojos+30+unidades,False,
2026-06-28,huevos,gama,5.31,"Ref. 5,31",USD,HUEVOS 30 UN,https://gamaenlinea.com/es,False,
2026-06-28,huevos,plansuarez,0.0,,VES,,https://www.plansuarez.com/index.php?route=product/search&search=huevos,True,Sin resultados para 'huevos'
2026-06-28,leche_polvo,central,7.49,"7,49",USD,Leche La Campina En Polvo Completa 400Gr,https://tucentralonline.com/Av-Presidente-Medina-02/comprar/viveres/lacteos-y-derivados/?s=leche+campina+polvo+400,False,
2026-06-28,leche_polvo,gama,6.85,"Ref. 6,85",USD,LECHE EN POLVO COMPLETA CAMPESTRE 400 GR,https://gamaenlinea.com/es,False,
2026-06-28,leche_polvo,plansuarez,0.0,,VES,,https://www.plansuarez.com/index.php?route=product/search&search=leche+completa,True,Sin resultados para 'leche completa'
2026-06-28,lentejas,central,1.55,"1,55",USD,Lentejas Mary 400Gr,https://tucentralonline.com/Av-Presidente-Medina-02/comprar/viveres/arroz-y-granos/?s=lentejas+mary+400,False,
2026-06-28,lentejas,gama,1.54,"Ref. 1,54",USD,LENTEJAS MARY 400 GR,https://gamaenlinea.com/es,False,
2026-06-28,lentejas,plansuarez,0.0,,VES,,https://www.plansuarez.com/index.php?route=product/search&search=lentejas,True,Sin resultados para 'lentejas'
2026-06-28,mantequilla,central,8.7,"8,70",USD,Mantequilla La Paisana Sin Sal Barra 200Gr,https://tucentralonline.com/Av-Presidente-Medina-02/comprar/viveres/margarinas-y-aceites/?s=mantequilla+paisana+200,False,
2026-06-28,mantequilla,gama,9.06,"Ref. 9,06",USD,MANTEQUILLA LA PAISANA 200 GR,https://gamaenlinea.com/es,False,
2026-06-28,mantequilla,plansuarez,0.0,,VES,,https://www.plansuarez.com/index.php?route=product/search&search=mantequilla,True,Sin resultados para 'mantequilla'
2026-06-28,margarina,central,2.49,"2,49",USD,Margarina Juana 454Gr,https://tucentralonline.com/Av-Presidente-Medina-02/comprar/viveres/margarinas-y-aceites/?s=margarina+juana+454,False,
2026-06-28,margarina,gama,3.22,"Ref. 3,22",USD,MARGARINA LIGERA MAVESA 500 GR,https://gamaenlinea.com/es,False,
2026-06-28,margarina,plansuarez,0.0,,VES,,https://www.plansuarez.com/index.php?route=product/search&search=margarina,True,Sin resultados para 'margarina'
2026-06-28,papa,central,2.95,"2,95",USD,Papa Criolla Lavada KG,https://tucentralonline.com/Av-Presidente-Medina-02/comprar/fruteria-y-vegetales/vegetales/?s=papa+criolla+kg,False,
2026-06-28,papa,gama,2.95,"Ref. 2,95",USD,PAPA LAVADA 1 KG,https://gamaenlinea.com/es,False,
2026-06-28,papa,plansuarez,0.0,,VES,,https://www.plansuarez.com/index.php?route=product/search&search=papa,True,Sin resultados para 'papa'
2026-06-28,pasta,central,1.16,"1,16",USD,Pasta Galo Spaghetti 500Gr,https://tucentralonline.com/Av-Presidente-Medina-02/comprar/viveres/pastas/?s=spaghetti+galo+500,False,
2026-06-28,pasta,gama,4.45,"Ref. 4,45",USD,PASTA DIVELLA SPAGHETTI 500 GR,https://gamaenlinea.com/es,False,
2026-06-28,pasta,plansuarez,0.0,,VES,,https://www.plansuarez.com/index.php?route=product/search&search=spaghetti,True,Sin resultados para 'spaghetti'
2026-06-28,platano,central,0.0,,USD,,,False,Producto no disponible en Central Madeirense
2026-06-28,platano,gama,3.27,"Ref. 3,27",USD,"PLATANOS 1,500 KG",https://gamaenlinea.com/es,False,
2026-06-28,platano,plansuarez,0.0,,VES,,https://www.plansuarez.com/index.php?route=product/search&search=platano,True,Sin resultados para 'platano'
2026-06-28,pollo,central,7.8,"7,80",USD,Delicia De Pechuga de Pollo Kg KG,https://tucentralonline.com/Av-Presidente-Medina-02/comprar/refrigerados/carniceria-pescaderia/carnes-aves/?s=pechuga+pollo+kg,False,
2026-06-28,pollo,gama,9.18,"Ref. 9,18",USD,"PECHUGA DE POLLO SIN HUESO 1,200 KG",https://gamaenlinea.com/es,False,
2026-06-28,pollo,plansuarez,0.0,,VES,,https://www.plansuarez.com/index.php?route=product/search&search=pechuga+de+pollo,True,Sin resultados para 'pechuga de pollo'
2026-06-28,queso_blanco,central,14.16,"14,16",USD,Queso Blanco Pasteurizado El Zedeño KG,https://tucentralonline.com/Av-Presidente-Medina-02/comprar/charcuteria/quesos/?s=queso+blanco+zedeno+kg,False,
2026-06-28,queso_blanco,gama,6.9,"Ref. 6,90",USD,QUESO BLANCO ESPECIAL PAISA 300 GR,https://gamaenlinea.com/es,True,"Cambio de 187.5% vs semana anterior (anterior: $2.40, nuevo: $6.90)"
2026-06-28,queso_blanco,plansuarez,0.0,,VES,,https://www.plansuarez.com/index.php?route=product/search&search=queso+blanco,True,Sin resultados para 'queso blanco'
2026-06-28,sal,central,1.07,"1,07",USD,Sal DelMar Refinada Paquete 1Kg,https://tucentralonline.com/Av-Presidente-Medina-02/comprar/viveres/?s=sal+refinada,False,
2026-06-28,sal,gama,1.25,"Ref. 1,25",USD,SAL REFINADA EN BOLSA CELESTIAL SALT 1 KG,https://gamaenlinea.com/es,False,
2026-06-28,sal,plansuarez,0.0,,VES,,https://www.plansuarez.com/index.php?route=product/search&search=sal+refinada,True,Sin resultados para 'sal refinada'
2026-06-28,sardinas,central,0.0,,USD,,,False,Producto no disponible en Central Madeirense
2026-06-28,sardinas,gama,1.22,"Ref. 1,22",USD,SARDINAS AL NATURAL ORIENTE 170 GR,https://gamaenlinea.com/es,False,
2026-06-28,sardinas,plansuarez,0.0,,VES,,https://www.plansuarez.com/index.php?route=product/search&search=sardinas,True,Sin resultados para 'sardinas'
2026-06-28,tomate,central,0.0,,USD,,https://tucentralonline.com/Av-Presidente-Medina-02/comprar/fruteria-y-vegetales/vegetales/?s=tomate,True,Producto 'tomate' no encontrado en https://tucentralonline.com/Av-Presidente-Medina-02/comprar/fruteria-y-vegetales/vegetales/?s=tomate
2026-06-28,tomate,gama,6.38,"Ref. 6,38",USD,"TOMATE MANZANO EN BANDEJA 1,200 KG",https://gamaenlinea.com/es,False,
2026-06-28,tomate,plansuarez,0.0,,VES,,https://www.plansuarez.com/index.php?route=product/search&search=tomate,True,Sin resultados para 'tomate'
2026-07-05,aceite,central,4.19,"4,19",USD,Aceite Coposa Vegetal 850Mlts,https://tucentralonline.com/Av-Presidente-Medina-02/comprar/viveres/margarinas-y-aceites/?s=aceite+coposa+vegetal+850,False,
2026-07-05,aceite,gama,4.25,"Ref. 4,25",USD,ACEITE VEGETAL VATEL 1 LT,https://gamaenlinea.com/es,False,
2026-07-05,aceite,plansuarez,4.93,"Bs.3,217.85",VES,ACEITE VATEL 1LT VEGETAL,https://www.plansuarez.com/index.php?route=product/search&search=aceite+vegetal,False,
2026-07-05,arroz,central,1.39,"1,39",USD,Arroz Monica Blanco Tipo I 900Gr,https://tucentralonline.com/Av-Presidente-Medina-02/comprar/viveres/arroz-y-granos/?s=arroz+monica+blanco+900,False,
2026-07-05,arroz,gama,2.57,"Ref. 2,57",USD,ARROZ BLANCO PREMIUM TIPO 1 MARY 2 KG,https://gamaenlinea.com/es,False,
2026-07-05,arroz,plansuarez,1.36,Bs.886.74,VES,ARROZ PANTERA 908GR TIPO 1 BLANCO,https://www.plansuarez.com/index.php?route=product/search&search=arroz+blanco,False,
2026-07-05,atun,central,2.29,"2,29",USD,Atun Pafia Lomo en Agua 140Grs,https://tucentralonline.com/Av-Presidente-Medina-02/comprar/viveres/enlatados/?s=atun+pafia+agua+140,False,
2026-07-05,atun,gama,2.65,"Ref. 2,65",USD,ATUN EN AGUA NEWPESCA 170 GR,https://gamaenlinea.com/es,False,
2026-07-05,atun,plansuarez,3.25,"Bs.2,121.47",VES,ATUN LA FRAGUA 145GR AHUMADO,https://www.plansuarez.com/index.php?route=product/search&search=atun,False,
2026-07-05,azucar,central,1.99,"1,99",USD,Azucar Kaly Blanca Plastico 1Kg,https://tucentralonline.com/Av-Presidente-Medina-02/comprar/viveres/cafe-y-endulzantes/?s=azucar+kaly+blanca+1kg,False,
2026-07-05,azucar,gama,2.01,"Ref. 2,01",USD,AZÚCAR BLANCA REFINADA AMANECER 1 KG,https://gamaenlinea.com/es,False,
2026-07-05,azucar,plansuarez,1.73,"Bs.1,132.09",VES,AZUCAR AMANECER 1KG REFINADA,https://www.plansuarez.com/index.php?route=product/search&search=azucar,False,
2026-07-05,cafe,central,3.05,"3,05",USD,Cafe Flor De Arauca Gourmet Molido Paq. 200Gr,https://tucentralonline.com/Av-Presidente-Medina-02/comprar/viveres/cafe-y-endulzantes/?s=cafe+flor+arauca+molido+200,False,
2026-07-05,cafe,gama,2.7,"Ref. 2,70",USD,CAFE GOURMET AMANECER 200 GR,https://gamaenlinea.com/es,False,
2026-07-05,cafe,plansuarez,2.76,"Bs.1,802.20",VES,CAFE FLOR DE ARAUCA 200GR,https://www.plansuarez.com/index.php?route=product/search&search=cafe+molido,False,
2026-07-05,caraotas,central,1.15,"1,15",USD,Caraotas Mary Negras 400Gr,https://tucentralonline.com/Av-Presidente-Medina-02/comprar/viveres/arroz-y-granos/?s=caraotas+mary+negras+400,False,
2026-07-05,caraotas,gama,1.66,"Ref. 1,66",USD,CARAOTAS NEGRAS VICONE 400 GR,https://gamaenlinea.com/es,True,"Cambio de 49.5% vs semana anterior (anterior: $1.11, nuevo: $1.66)"
2026-07-05,caraotas,plansuarez,1.1,Bs.718.27,VES,CARAOTAS MARY 400GR NEGRAS,https://www.plansuarez.com/index.php?route=product/search&search=caraotas+negras,False,
2026-07-05,carne_molida,central,12.99,"12,99",USD,Carne Molida Premium KG,https://tucentralonline.com/Av-Presidente-Medina-02/comprar/refrigerados/carniceria-pescaderia/carnes-aves/?s=carne+molida+premium+kg,False,
2026-07-05,carne_molida,gama,9.99,"Ref. 9,99",USD,CARNE MOLIDA DE RES 1 KG,https://gamaenlinea.com/es,False,
2026-07-05,carne_molida,plansuarez,9.99,"Bs.6,523.20",VES,CARNE MOLIDA X KG PLANSUAREZ,https://www.plansuarez.com/index.php?route=product/search&search=carne+molida,False,
2026-07-05,cebolla,central,2.39,"2,39",USD,Cebolla Blanca Nacional 1000Gr,https://tucentralonline.com/Av-Presidente-Medina-02/comprar/fruteria-y-vegetales/vegetales/?s=cebolla+blanca+1000,False,
2026-07-05,cebolla,gama,1.81,"Ref. 1,81",USD,CEBOLLA 700 GR,https://gamaenlinea.com/es,False,
2026-07-05,cebolla,plansuarez,6.4,"Bs.4,179.02",VES,AJO CEBOLLA PEREJIL X KG MOLIDO,https://www.plansuarez.com/index.php?route=product/search&search=cebolla,False,
2026-07-05,harina_maiz,central,1.17,"1,17",USD,Harina de Maiz Kaly Blanca 1KG,https://tucentralonline.com/Av-Presidente-Medina-02/comprar/viveres/harinas/?s=harina+maiz+kaly+1kg,False,
2026-07-05,harina_maiz,gama,1.19,"Ref. 1,19",USD,HARINA DE MAIZ BLANCO JUANA 1 KG,https://gamaenlinea.com/es,False,
2026-07-05,harina_maiz,plansuarez,1.16,Bs.755.91,VES,HARINA DE MAIZ KALY 1KG BLANCA,https://www.plansuarez.com/index.php?route=product/search&search=harina+de+maiz,False,
2026-07-05,huevos,central,4.99,"4,99",USD,Huevos Rojos Grande Est. 30 Unidades,https://tucentralonline.com/Av-Presidente-Medina-02/comprar/refrigerados/huevos/?s=huevos+rojos+30+unidades,False,
2026-07-05,huevos,gama,5.31,"Ref. 5,31",USD,HUEVOS 30 UN,https://gamaenlinea.com/es,False,
2026-07-05,huevos,plansuarez,5.35,"Bs.3,494.79",VES,HUEVOS EL TUNAL 30UND,https://www.plansuarez.com/index.php?route=product/search&search=huevos,False,
2026-07-05,leche_polvo,central,7.49,"7,49",USD,Leche La Campina En Polvo Completa 400Gr,https://tucentralonline.com/Av-Presidente-Medina-02/comprar/viveres/lacteos-y-derivados/?s=leche+campina+polvo+400,False,
2026-07-05,leche_polvo,gama,7.89,"Ref. 7,89",USD,LECHE COMPLETA EN POLVO SAN SIMÓN 400 GR,https://gamaenlinea.com/es,False,
2026-07-05,leche_polvo,plansuarez,6.25,"Bs.4,081.08",VES,LECHE DOBON 400GR COMPLETA,https://www.plansuarez.com/index.php?route=product/search&search=leche+completa,False,
2026-07-05,lentejas,central,1.55,"1,55",USD,Lentejas Mary 400Gr,https://tucentralonline.com/Av-Presidente-Medina-02/comprar/viveres/arroz-y-granos/?s=lentejas+mary+400,False,
2026-07-05,lentejas,gama,1.54,"Ref. 1,54",USD,LENTEJAS MARY 400 GR,https://gamaenlinea.com/es,False,
2026-07-05,lentejas,plansuarez,1.51,Bs.987.62,VES,LENTEJAS MARY 400GR,https://www.plansuarez.com/index.php?route=product/search&search=lentejas,False,
2026-07-05,mantequilla,central,9.46,"9,46",USD,Mantequilla La Paisana Sin Sal Barra 200Gr,https://tucentralonline.com/Av-Presidente-Medina-02/comprar/viveres/margarinas-y-aceites/?s=mantequilla+paisana+200,False,
2026-07-05,mantequilla,gama,9.06,"Ref. 9,06",USD,MANTEQUILLA LA PAISANA 200 GR,https://gamaenlinea.com/es,False,
2026-07-05,mantequilla,plansuarez,7.19,"Bs.4,692.70",VES,MANTEQUILLA BUFIKRIM 240GR CON SAL,https://www.plansuarez.com/index.php?route=product/search&search=mantequilla,True,"Cambio de 169.3% vs semana anterior (anterior: $2.67, nuevo: $7.19)"
2026-07-05,margarina,central,2.49,"2,49",USD,Margarina Juana 454Gr,https://tucentralonline.com/Av-Presidente-Medina-02/comprar/viveres/margarinas-y-aceites/?s=margarina+juana+454,False,
2026-07-05,margarina,gama,3.22,"Ref. 3,22",USD,MARGARINA LIGERA MAVESA 500 GR,https://gamaenlinea.com/es,False,
2026-07-05,margarina,plansuarez,2.16,"Bs.1,408.35",VES,MARGARINA JUANA 454GR,https://www.plansuarez.com/index.php?route=product/search&search=margarina,False,
2026-07-05,papa,central,2.95,"2,95",USD,Papa Criolla Lavada KG,https://tucentralonline.com/Av-Presidente-Medina-02/comprar/fruteria-y-vegetales/vegetales/?s=papa+criolla+kg,False,
2026-07-05,papa,gama,3.4,"Ref. 3,40",USD,PAPA LAVADA 1 KG,https://gamaenlinea.com/es,False,
2026-07-05,papa,plansuarez,1.17,Bs.766.15,VES,BANDEJA PAPA !500! GR,https://www.plansuarez.com/index.php?route=product/search&search=papa,False,
2026-07-05,pasta,central,1.15,"1,15",USD,Pasta Galo Spaghetti 500Gr,https://tucentralonline.com/Av-Presidente-Medina-02/comprar/viveres/pastas/?s=spaghetti+galo+500,False,
2026-07-05,pasta,gama,4.45,"Ref. 4,45",USD,PASTA DIVELLA SPAGHETTI 500 GR,https://gamaenlinea.com/es,False,
2026-07-05,pasta,plansuarez,2.85,"Bs.1,859.26",VES,PASTA DIVELLA 500GR SPAGHETTI,https://www.plansuarez.com/index.php?route=product/search&search=spaghetti,False,
2026-07-05,platano,central,0.0,,USD,,,False,Producto no disponible en Central Madeirense
2026-07-05,platano,gama,3.27,"Ref. 3,27",USD,"PLATANOS 1,500 KG",https://gamaenlinea.com/es,False,
2026-07-05,platano,plansuarez,1.99,"Bs.1,299.41",VES,PLATANO X KG,https://www.plansuarez.com/index.php?route=product/search&search=platano,False,
2026-07-05,pollo,central,7.8,"7,80",USD,Delicia De Pechuga de Pollo Kg KG,https://tucentralonline.com/Av-Presidente-Medina-02/comprar/refrigerados/carniceria-pescaderia/carnes-aves/?s=pechuga+pollo+kg,False,
2026-07-05,pollo,gama,7.25,"Ref. 7,25",USD,PECHUGA DE POLLO CON HUESO 1 KG,https://gamaenlinea.com/es,False,
2026-07-05,pollo,plansuarez,5.85,"Bs.3,817.54",VES,PECHUGA PUNTA DE MONTE DE POLLO 800 G,https://www.plansuarez.com/index.php?route=product/search&search=pechuga+de+pollo,True,"Cambio de 70.6% vs semana anterior (anterior: $3.43, nuevo: $5.85)"
2026-07-05,queso_blanco,central,14.16,"14,16",USD,Queso Blanco Pasteurizado El Zedeño KG,https://tucentralonline.com/Av-Presidente-Medina-02/comprar/charcuteria/quesos/?s=queso+blanco+zedeno+kg,False,
2026-07-05,queso_blanco,gama,2.4,"Ref. 2,40",USD,QUESO BLANCO DURO LLANERO 400 GR,https://gamaenlinea.com/es,True,"Cambio de 65.2% vs semana anterior (anterior: $6.90, nuevo: $2.40)"
2026-07-05,queso_blanco,plansuarez,15.27,"Bs.9,968.74",VES,QUESO BLANCO MONTESANO PASTEURIZADO X KG,https://www.plansuarez.com/index.php?route=product/search&search=queso+blanco,True,"Cambio de 166.5% vs semana anterior (anterior: $5.73, nuevo: $15.27)"
2026-07-05,sal,central,1.07,"1,07",USD,Sal DelMar Refinada Paquete 1Kg,https://tucentralonline.com/Av-Presidente-Medina-02/comprar/viveres/?s=sal+refinada,False,
2026-07-05,sal,gama,1.25,"Ref. 1,25",USD,SAL REFINADA EN BOLSA CELESTIAL SALT 1 KG,https://gamaenlinea.com/es,False,
2026-07-05,sal,plansuarez,0.88,Bs.574.62,VES,SAL CELESTIAL 1KG REFINADA N,https://www.plansuarez.com/index.php?route=product/search&search=sal+refinada,False,
2026-07-05,sardinas,central,0.0,,USD,,,False,Producto no disponible en Central Madeirense
2026-07-05,sardinas,gama,2.01,"Ref. 2,01",USD,SARDINAS EVEBA CON PIMENTON 125 GR,https://gamaenlinea.com/es,True,"Cambio de 64.8% vs semana anterior (anterior: $1.22, nuevo: $2.01)"
2026-07-05,sardinas,plansuarez,5.8,"Bs.3,787.24",VES,SARDINAS NOYA 184GR ACEITE VEGETAL SIN PIEL/ESPINAS,https://www.plansuarez.com/index.php?route=product/search&search=sardinas,False,
2026-07-05,tomate,central,0.0,,USD,,https://tucentralonline.com/Av-Presidente-Medina-02/comprar/fruteria-y-vegetales/vegetales/?s=tomate,True,Producto 'tomate' no encontrado en https://tucentralonline.com/Av-Presidente-Medina-02/comprar/fruteria-y-vegetales/vegetales/?s=tomate
2026-07-05,tomate,gama,6.38,"Ref. 6,38",USD,"TOMATE MANZANO EN BANDEJA 1,200 KG",https://gamaenlinea.com/es,False,
2026-07-05,tomate,plansuarez,1.33,Bs.870.64,VES,BANDEJA TOMATE PERITA !500! GR,https://www.plansuarez.com/index.php?route=product/search&search=tomate,False,
2026-07-12,aceite,gama,4.25,"Ref. 4,25",USD,ACEITE VEGETAL VATEL 1 LT,https://gamaenlinea.com/es,False,
2026-07-12,aceite,plansuarez,0.0,,VES,,https://www.plansuarez.com/index.php?route=product/search&search=aceite+vegetal,True,Sin resultados para 'aceite vegetal'
2026-07-12,arroz,gama,2.57,"Ref. 2,57",USD,ARROZ BLANCO PREMIUM TIPO 1 MARY 2 KG,https://gamaenlinea.com/es,False,
2026-07-12,arroz,plansuarez,0.0,,VES,,https://www.plansuarez.com/index.php?route=product/search&search=arroz+blanco,True,Sin resultados para 'arroz blanco'
2026-07-12,atun,gama,2.65,"Ref. 2,65",USD,ATUN EN AGUA NEWPESCA 170 GR,https://gamaenlinea.com/es,False,
2026-07-12,atun,plansuarez,0.0,,VES,,https://www.plansuarez.com/index.php?route=product/search&search=atun,True,Sin resultados para 'atun'
2026-07-12,azucar,gama,2.01,"Ref. 2,01",USD,AZÚCAR BLANCA REFINADA AMANECER 1 KG,https://gamaenlinea.com/es,False,
2026-07-12,azucar,plansuarez,0.0,,VES,,https://www.plansuarez.com/index.php?route=product/search&search=azucar,True,Sin resultados para 'azucar'
2026-07-12,cafe,gama,2.7,"Ref. 2,70",USD,CAFE GOURMET AMANECER 200 GR,https://gamaenlinea.com/es,False,
2026-07-12,cafe,plansuarez,0.0,,VES,,https://www.plansuarez.com/index.php?route=product/search&search=cafe+molido,True,Sin resultados para 'cafe molido'
2026-07-12,caraotas,gama,1.66,"Ref. 1,66",USD,CARAOTAS NEGRAS VICONE 400 GR,https://gamaenlinea.com/es,False,
2026-07-12,caraotas,plansuarez,0.0,,VES,,https://www.plansuarez.com/index.php?route=product/search&search=caraotas+negras,True,Sin resultados para 'caraotas negras'
2026-07-12,carne_molida,gama,9.99,"Ref. 9,99",USD,CARNE MOLIDA DE RES 1 KG,https://gamaenlinea.com/es,False,
2026-07-12,carne_molida,plansuarez,0.0,,VES,,https://www.plansuarez.com/index.php?route=product/search&search=carne+molida,True,Sin resultados para 'carne molida'
2026-07-12,cebolla,gama,1.81,"Ref. 1,81",USD,CEBOLLA 700 GR,https://gamaenlinea.com/es,False,
2026-07-12,cebolla,plansuarez,0.0,,VES,,https://www.plansuarez.com/index.php?route=product/search&search=cebolla,True,Sin resultados para 'cebolla'
2026-07-12,harina_maiz,gama,1.19,"Ref. 1,19",USD,HARINA DE MAIZ BLANCO JUANA 1 KG,https://gamaenlinea.com/es,False,
2026-07-12,harina_maiz,plansuarez,0.0,,VES,,https://www.plansuarez.com/index.php?route=product/search&search=harina+de+maiz,True,Sin resultados para 'harina de maiz'
2026-07-12,huevos,gama,5.31,"Ref. 5,31",USD,HUEVOS 30 UN,https://gamaenlinea.com/es,False,
2026-07-12,huevos,plansuarez,0.0,,VES,,https://www.plansuarez.com/index.php?route=product/search&search=huevos,True,Sin resultados para 'huevos'
2026-07-12,leche_polvo,gama,7.89,"Ref. 7,89",USD,LECHE COMPLETA EN POLVO SAN SIMÓN 400 GR,https://gamaenlinea.com/es,False,
2026-07-12,leche_polvo,plansuarez,0.0,,VES,,https://www.plansuarez.com/index.php?route=product/search&search=leche+completa,True,Sin resultados para 'leche completa'
2026-07-12,lentejas,gama,1.54,"Ref. 1,54",USD,LENTEJAS MARY 400 GR,https://gamaenlinea.com/es,False,
2026-07-12,lentejas,plansuarez,0.0,,VES,,https://www.plansuarez.com/index.php?route=product/search&search=lentejas,True,Sin resultados para 'lentejas'
2026-07-12,mantequilla,gama,9.06,"Ref. 9,06",USD,MANTEQUILLA LA PAISANA 200 GR,https://gamaenlinea.com/es,False,
2026-07-12,mantequilla,plansuarez,0.0,,VES,,https://www.plansuarez.com/index.php?route=product/search&search=mantequilla,True,Sin resultados para 'mantequilla'
2026-07-12,margarina,gama,3.22,"Ref. 3,22",USD,MARGARINA LIGERA MAVESA 500 GR,https://gamaenlinea.com/es,False,
2026-07-12,margarina,plansuarez,0.0,,VES,,https://www.plansuarez.com/index.php?route=product/search&search=margarina,True,Sin resultados para 'margarina'
2026-07-12,papa,gama,3.4,"Ref. 3,40",USD,PAPA LAVADA 1 KG,https://gamaenlinea.com/es,False,
2026-07-12,papa,plansuarez,0.0,,VES,,https://www.plansuarez.com/index.php?route=product/search&search=papa,True,Sin resultados para 'papa'
2026-07-12,pasta,gama,4.45,"Ref. 4,45",USD,PASTA DIVELLA SPAGHETTI 500 GR,https://gamaenlinea.com/es,False,
2026-07-12,pasta,plansuarez,0.0,,VES,,https://www.plansuarez.com/index.php?route=product/search&search=spaghetti,True,Sin resultados para 'spaghetti'
2026-07-12,platano,gama,3.27,"Ref. 3,27",USD,"PLATANOS 1,500 KG",https://gamaenlinea.com/es,False,
2026-07-12,platano,plansuarez,0.0,,VES,,https://www.plansuarez.com/index.php?route=product/search&search=platano,True,Sin resultados para 'platano'
2026-07-12,pollo,gama,7.25,"Ref. 7,25",USD,PECHUGA DE POLLO CON HUESO 1 KG,https://gamaenlinea.com/es,False,
2026-07-12,pollo,plansuarez,0.0,,VES,,https://www.plansuarez.com/index.php?route=product/search&search=pechuga+de+pollo,True,Sin resultados para 'pechuga de pollo'
2026-07-12,queso_blanco,gama,2.4,"Ref. 2,40",USD,QUESO BLANCO DURO LLANERO 400 GR,https://gamaenlinea.com/es,False,
2026-07-12,queso_blanco,plansuarez,0.0,,VES,,https://www.plansuarez.com/index.php?route=product/search&search=queso+blanco,True,Sin resultados para 'queso blanco'
2026-07-12,sal,gama,1.25,"Ref. 1,25",USD,SAL REFINADA EN BOLSA CELESTIAL SALT 1 KG,https://gamaenlinea.com/es,False,
2026-07-12,sal,plansuarez,0.0,,VES,,https://www.plansuarez.com/index.php?route=product/search&search=sal+refinada,True,Sin resultados para 'sal refinada'
2026-07-12,sardinas,gama,2.06,"Ref. 2,06",USD,SARDINAS AL LAUREL EVEBA 125 GR,https://gamaenlinea.com/es,False,
2026-07-12,sardinas,plansuarez,0.0,,VES,,https://www.plansuarez.com/index.php?route=product/search&search=sardinas,True,Sin resultados para 'sardinas'
2026-07-12,tomate,gama,6.38,"Ref. 6,38",USD,"TOMATE MANZANO EN BANDEJA 1,200 KG",https://gamaenlinea.com/es,False,
2026-07-12,tomate,plansuarez,0.0,,VES,,https://www.plansuarez.com/index.php?route=product/search&search=tomate,True,Sin resultados para 'tomate'
2026-07-19,aceite,central,0.0,,USD,,https://tucentralonline.com/Av-Presidente-Medina-02/comprar/viveres/margarinas-y-aceites/?s=aceite+coposa+vegetal+850,True,"Error: Page.goto: net::ERR_EMPTY_RESPONSE at https://tucentralonline.com/Av-Presidente-Medina-02/comprar/viveres/margarinas-y-aceites/?s=aceite+coposa+vegetal+850
Call log:
  - navigating to ""https://tucentralonline.com/Av-Presidente-Medina-02/comprar/viveres/margarinas-y-aceites/?s=aceite+coposa+vegetal+850"", waiting until ""domcontentloaded""
"
2026-07-19,aceite,gama,4.25,"Ref. 4,25",USD,ACEITE VEGETAL VATEL 1 LT,https://gamaenlinea.com/es,False,
2026-07-19,aceite,plansuarez,4.93,"Bs.3,609.66",VES,ACEITE VATEL 1LT VEGETAL,https://www.plansuarez.com/index.php?route=product/search&search=aceite+vegetal,False,
2026-07-19,arroz,central,0.0,,USD,,https://tucentralonline.com/Av-Presidente-Medina-02/comprar/viveres/arroz-y-granos/?s=arroz+monica+blanco+900,True,"Error: Page.goto: net::ERR_EMPTY_RESPONSE at https://tucentralonline.com/Av-Presidente-Medina-02/comprar/viveres/arroz-y-granos/?s=arroz+monica+blanco+900
Call log:
  - navigating to ""https://tucentralonline.com/Av-Presidente-Medina-02/comprar/viveres/arroz-y-granos/?s=arroz+monica+blanco+900"", waiting until ""domcontentloaded""
"
2026-07-19,arroz,gama,2.57,"Ref. 2,57",USD,ARROZ BLANCO PREMIUM TIPO 1 MARY 2 KG,https://gamaenlinea.com/es,False,
2026-07-19,arroz,plansuarez,1.36,Bs.994.71,VES,ARROZ PANTERA 908GR TIPO 1 BLANCO,https://www.plansuarez.com/index.php?route=product/search&search=arroz+blanco,False,
2026-07-19,atun,central,0.0,,USD,,https://tucentralonline.com/Av-Presidente-Medina-02/comprar/viveres/enlatados/?s=atun+pafia+agua+140,True,"Error: Page.goto: net::ERR_EMPTY_RESPONSE at https://tucentralonline.com/Av-Presidente-Medina-02/comprar/viveres/enlatados/?s=atun+pafia+agua+140
Call log:
  - navigating to ""https://tucentralonline.com/Av-Presidente-Medina-02/comprar/viveres/enlatados/?s=atun+pafia+agua+140"", waiting until ""domcontentloaded""
"
2026-07-19,atun,gama,2.65,"Ref. 2,65",USD,ATUN EN AGUA NEWPESCA 170 GR,https://gamaenlinea.com/es,False,
2026-07-19,atun,plansuarez,3.25,"Bs.2,379.77",VES,ATUN LA FRAGUA 145GR LIMON,https://www.plansuarez.com/index.php?route=product/search&search=atun,False,
2026-07-19,azucar,central,0.0,,USD,,https://tucentralonline.com/Av-Presidente-Medina-02/comprar/viveres/cafe-y-endulzantes/?s=azucar+kaly+blanca+1kg,True,"Error: Page.goto: net::ERR_EMPTY_RESPONSE at https://tucentralonline.com/Av-Presidente-Medina-02/comprar/viveres/cafe-y-endulzantes/?s=azucar+kaly+blanca+1kg
Call log:
  - navigating to ""https://tucentralonline.com/Av-Presidente-Medina-02/comprar/viveres/cafe-y-endulzantes/?s=azucar+kaly+blanca+1kg"", waiting until ""domcontentloaded""
"
2026-07-19,azucar,gama,2.01,"Ref. 2,01",USD,AZÚCAR BLANCA REFINADA AMANECER 1 KG,https://gamaenlinea.com/es,False,
2026-07-19,azucar,plansuarez,1.73,"Bs.1,269.93",VES,AZUCAR AMANECER 1KG REFINADA,https://www.plansuarez.com/index.php?route=product/search&search=azucar,False,
2026-07-19,cafe,central,0.0,,USD,,https://tucentralonline.com/Av-Presidente-Medina-02/comprar/viveres/cafe-y-endulzantes/?s=cafe+flor+arauca+molido+200,True,"Error: Page.goto: net::ERR_EMPTY_RESPONSE at https://tucentralonline.com/Av-Presidente-Medina-02/comprar/viveres/cafe-y-endulzantes/?s=cafe+flor+arauca+molido+200
Call log:
  - navigating to ""https://tucentralonline.com/Av-Presidente-Medina-02/comprar/viveres/cafe-y-endulzantes/?s=cafe+flor+arauca+molido+200"", waiting until ""domcontentloaded""
"
2026-07-19,cafe,gama,2.7,"Ref. 2,70",USD,CAFE GOURMET AMANECER 200 GR,https://gamaenlinea.com/es,False,
2026-07-19,cafe,plansuarez,2.76,"Bs.2,021.64",VES,CAFE FLOR DE ARAUCA 200GR,https://www.plansuarez.com/index.php?route=product/search&search=cafe+molido,False,
2026-07-19,caraotas,central,0.0,,USD,,https://tucentralonline.com/Av-Presidente-Medina-02/comprar/viveres/arroz-y-granos/?s=caraotas+mary+negras+400,True,"Error: Page.goto: net::ERR_EMPTY_RESPONSE at https://tucentralonline.com/Av-Presidente-Medina-02/comprar/viveres/arroz-y-granos/?s=caraotas+mary+negras+400
Call log:
  - navigating to ""https://tucentralonline.com/Av-Presidente-Medina-02/comprar/viveres/arroz-y-granos/?s=caraotas+mary+negras+400"", waiting until ""domcontentloaded""
"
2026-07-19,caraotas,gama,1.11,"Ref. 1,11",USD,CARAOTAS NEGRAS MARY 400 GR,https://gamaenlinea.com/es,True,"Cambio de 33.1% vs semana anterior (anterior: $1.66, nuevo: $1.11)"
2026-07-19,caraotas,plansuarez,1.1,Bs.805.73,VES,CARAOTAS MARY 400GR NEGRAS,https://www.plansuarez.com/index.php?route=product/search&search=caraotas+negras,False,
2026-07-19,carne_molida,central,0.0,,USD,,https://tucentralonline.com/Av-Presidente-Medina-02/comprar/refrigerados/carniceria-pescaderia/carnes-aves/?s=carne+molida+premium+kg,True,"Error: Page.goto: net::ERR_EMPTY_RESPONSE at https://tucentralonline.com/Av-Presidente-Medina-02/comprar/refrigerados/carniceria-pescaderia/carnes-aves/?s=carne+molida+premium+kg
Call log:
  - navigating to ""https://tucentralonline.com/Av-Presidente-Medina-02/comprar/refrigerados/carniceria-pescaderia/carnes-aves/?s=carne+molida+premium+kg"", waiting until ""domcontentloaded""
"
2026-07-19,carne_molida,gama,9.99,"Ref. 9,99",USD,CARNE MOLIDA DE RES 1 KG,https://gamaenlinea.com/es,False,
2026-07-19,carne_molida,plansuarez,9.39,"Bs.6,877.97",VES,CARNE MOLIDA X KG PLANSUAREZ,https://www.plansuarez.com/index.php?route=product/search&search=carne+molida,False,
2026-07-19,cebolla,central,0.0,,USD,,https://tucentralonline.com/Av-Presidente-Medina-02/comprar/fruteria-y-vegetales/vegetales/?s=cebolla+blanca+1000,True,"Error: Page.goto: net::ERR_EMPTY_RESPONSE at https://tucentralonline.com/Av-Presidente-Medina-02/comprar/fruteria-y-vegetales/vegetales/?s=cebolla+blanca+1000
Call log:
  - navigating to ""https://tucentralonline.com/Av-Presidente-Medina-02/comprar/fruteria-y-vegetales/vegetales/?s=cebolla+blanca+1000"", waiting until ""domcontentloaded""
"
2026-07-19,cebolla,gama,1.81,"Ref. 1,81",USD,CEBOLLA 700 GR,https://gamaenlinea.com/es,False,
2026-07-19,cebolla,plansuarez,6.4,"Bs.4,687.86",VES,AJO CEBOLLA PEREJIL X KG MOLIDO,https://www.plansuarez.com/index.php?route=product/search&search=cebolla,False,
2026-07-19,harina_maiz,central,0.0,,USD,,https://tucentralonline.com/Av-Presidente-Medina-02/comprar/viveres/harinas/?s=harina+maiz+kaly+1kg,True,"Error: Page.goto: net::ERR_EMPTY_RESPONSE at https://tucentralonline.com/Av-Presidente-Medina-02/comprar/viveres/harinas/?s=harina+maiz+kaly+1kg
Call log:
  - navigating to ""https://tucentralonline.com/Av-Presidente-Medina-02/comprar/viveres/harinas/?s=harina+maiz+kaly+1kg"", waiting until ""domcontentloaded""
"
2026-07-19,harina_maiz,gama,1.19,"Ref. 1,19",USD,HARINA DE MAIZ BLANCO JUANA 1 KG,https://gamaenlinea.com/es,False,
2026-07-19,harina_maiz,plansuarez,1.16,Bs.847.95,VES,HARINA DE MAIZ KALY 1KG BLANCA,https://www.plansuarez.com/index.php?route=product/search&search=harina+de+maiz,False,
2026-07-19,huevos,central,0.0,,USD,,https://tucentralonline.com/Av-Presidente-Medina-02/comprar/refrigerados/huevos/?s=huevos+rojos+30+unidades,True,"Error: Page.goto: net::ERR_EMPTY_RESPONSE at https://tucentralonline.com/Av-Presidente-Medina-02/comprar/refrigerados/huevos/?s=huevos+rojos+30+unidades
Call log:
  - navigating to ""https://tucentralonline.com/Av-Presidente-Medina-02/comprar/refrigerados/huevos/?s=huevos+rojos+30+unidades"", waiting until ""domcontentloaded""
"
2026-07-19,huevos,gama,5.31,"Ref. 5,31",USD,HUEVOS 30 UN,https://gamaenlinea.com/es,False,
2026-07-19,huevos,plansuarez,4.21,"Bs.3,084.47",VES,HUEVOS EL TUNAL 30UND,https://www.plansuarez.com/index.php?route=product/search&search=huevos,False,
2026-07-19,leche_polvo,central,0.0,,USD,,https://tucentralonline.com/Av-Presidente-Medina-02/comprar/viveres/lacteos-y-derivados/?s=leche+campina+polvo+400,True,"Error: Page.goto: net::ERR_EMPTY_RESPONSE at https://tucentralonline.com/Av-Presidente-Medina-02/comprar/viveres/lacteos-y-derivados/?s=leche+campina+polvo+400
Call log:
  - navigating to ""https://tucentralonline.com/Av-Presidente-Medina-02/comprar/viveres/lacteos-y-derivados/?s=leche+campina+polvo+400"", waiting until ""domcontentloaded""
"
2026-07-19,leche_polvo,gama,7.89,"Ref. 7,89",USD,LECHE COMPLETA EN POLVO SAN SIMÓN 400 GR,https://gamaenlinea.com/es,False,
2026-07-19,leche_polvo,plansuarez,6.25,"Bs.4,577.99",VES,LECHE DOBON 400GR COMPLETA,https://www.plansuarez.com/index.php?route=product/search&search=leche+completa,False,
2026-07-19,lentejas,central,0.0,,USD,,https://tucentralonline.com/Av-Presidente-Medina-02/comprar/viveres/arroz-y-granos/?s=lentejas+mary+400,True,"Error: Page.goto: net::ERR_EMPTY_RESPONSE at https://tucentralonline.com/Av-Presidente-Medina-02/comprar/viveres/arroz-y-granos/?s=lentejas+mary+400
Call log:
  - navigating to ""https://tucentralonline.com/Av-Presidente-Medina-02/comprar/viveres/arroz-y-granos/?s=lentejas+mary+400"", waiting until ""domcontentloaded""
"
2026-07-19,lentejas,gama,1.54,"Ref. 1,54",USD,LENTEJAS MARY 400 GR,https://gamaenlinea.com/es,False,
2026-07-19,lentejas,plansuarez,1.51,"Bs.1,107.87",VES,LENTEJAS MARY 400GR,https://www.plansuarez.com/index.php?route=product/search&search=lentejas,False,
2026-07-19,mantequilla,central,0.0,,USD,,https://tucentralonline.com/Av-Presidente-Medina-02/comprar/viveres/margarinas-y-aceites/?s=mantequilla+paisana+200,True,"Error: Page.goto: net::ERR_EMPTY_RESPONSE at https://tucentralonline.com/Av-Presidente-Medina-02/comprar/viveres/margarinas-y-aceites/?s=mantequilla+paisana+200
Call log:
  - navigating to ""https://tucentralonline.com/Av-Presidente-Medina-02/comprar/viveres/margarinas-y-aceites/?s=mantequilla+paisana+200"", waiting until ""domcontentloaded""
"
2026-07-19,mantequilla,gama,9.06,"Ref. 9,06",USD,MANTEQUILLA LA PAISANA 200 GR,https://gamaenlinea.com/es,False,
2026-07-19,mantequilla,plansuarez,4.8,"Bs.3,515.90",VES,MANTEQUILLA BUFALA LA GUANOTA 250G C/SAL,https://www.plansuarez.com/index.php?route=product/search&search=mantequilla,True,"Cambio de 33.2% vs semana anterior (anterior: $7.19, nuevo: $4.80)"
2026-07-19,margarina,central,0.0,,USD,,https://tucentralonline.com/Av-Presidente-Medina-02/comprar/viveres/margarinas-y-aceites/?s=margarina+juana+454,True,"Error: Page.goto: net::ERR_EMPTY_RESPONSE at https://tucentralonline.com/Av-Presidente-Medina-02/comprar/viveres/margarinas-y-aceites/?s=margarina+juana+454
Call log:
  - navigating to ""https://tucentralonline.com/Av-Presidente-Medina-02/comprar/viveres/margarinas-y-aceites/?s=margarina+juana+454"", waiting until ""domcontentloaded""
"
2026-07-19,margarina,gama,3.22,"Ref. 3,22",USD,MARGARINA LIGERA MAVESA 500 GR,https://gamaenlinea.com/es,False,
2026-07-19,margarina,plansuarez,2.16,"Bs.1,579.83",VES,MARGARINA JUANA 454GR,https://www.plansuarez.com/index.php?route=product/search&search=margarina,False,
2026-07-19,papa,central,0.0,,USD,,https://tucentralonline.com/Av-Presidente-Medina-02/comprar/fruteria-y-vegetales/vegetales/?s=papa+criolla+kg,True,"Error: Page.goto: net::ERR_EMPTY_RESPONSE at https://tucentralonline.com/Av-Presidente-Medina-02/comprar/fruteria-y-vegetales/vegetales/?s=papa+criolla+kg
Call log:
  - navigating to ""https://tucentralonline.com/Av-Presidente-Medina-02/comprar/fruteria-y-vegetales/vegetales/?s=papa+criolla+kg"", waiting until ""domcontentloaded""
"
2026-07-19,papa,gama,3.4,"Ref. 3,40",USD,PAPA LAVADA 1 KG,https://gamaenlinea.com/es,False,
2026-07-19,papa,plansuarez,1.33,Bs.976.64,VES,BANDEJA PAPA !500! GR,https://www.plansuarez.com/index.php?route=product/search&search=papa,False,
2026-07-19,pasta,central,0.0,,USD,,https://tucentralonline.com/Av-Presidente-Medina-02/comprar/viveres/pastas/?s=spaghetti+galo+500,True,"Error: Page.goto: net::ERR_EMPTY_RESPONSE at https://tucentralonline.com/Av-Presidente-Medina-02/comprar/viveres/pastas/?s=spaghetti+galo+500
Call log:
  - navigating to ""https://tucentralonline.com/Av-Presidente-Medina-02/comprar/viveres/pastas/?s=spaghetti+galo+500"", waiting until ""domcontentloaded""
"
2026-07-19,pasta,gama,3.78,"Ref. 3,78",USD,PASTA DIVELLA SPAGHETTI 500 GR,https://gamaenlinea.com/es,False,
2026-07-19,pasta,plansuarez,2.85,"Bs.2,085.64",VES,PASTA DIVELLA 500GR SPAGHETTI,https://www.plansuarez.com/index.php?route=product/search&search=spaghetti,False,
2026-07-19,platano,central,0.0,,USD,,,False,Producto no disponible en Central Madeirense
2026-07-19,platano,gama,3.27,"Ref. 3,27",USD,"PLATANOS 1,500 KG",https://gamaenlinea.com/es,False,
2026-07-19,platano,plansuarez,1.99,"Bs.1,457.63",VES,PLATANO X KG,https://www.plansuarez.com/index.php?route=product/search&search=platano,False,
2026-07-19,pollo,central,0.0,,USD,,https://tucentralonline.com/Av-Presidente-Medina-02/comprar/refrigerados/carniceria-pescaderia/carnes-aves/?s=pechuga+pollo+kg,True,"Error: Page.goto: net::ERR_EMPTY_RESPONSE at https://tucentralonline.com/Av-Presidente-Medina-02/comprar/refrigerados/carniceria-pescaderia/carnes-aves/?s=pechuga+pollo+kg
Call log:
  - navigating to ""https://tucentralonline.com/Av-Presidente-Medina-02/comprar/refrigerados/carniceria-pescaderia/carnes-aves/?s=pechuga+pollo+kg"", waiting until ""domcontentloaded""
"
2026-07-19,pollo,gama,9.18,"Ref. 9,18",USD,"PECHUGA DE POLLO SIN HUESO 1,200 KG",https://gamaenlinea.com/es,False,
2026-07-19,pollo,plansuarez,5.85,"Bs.4,282.36",VES,PECHUGA PUNTA DE MONTE DE POLLO 800 G,https://www.plansuarez.com/index.php?route=product/search&search=pechuga+de+pollo,False,
2026-07-19,queso_blanco,central,0.0,,USD,,https://tucentralonline.com/Av-Presidente-Medina-02/comprar/charcuteria/quesos/?s=queso+blanco+zedeno+kg,True,"Error: Page.goto: net::ERR_EMPTY_RESPONSE at https://tucentralonline.com/Av-Presidente-Medina-02/comprar/charcuteria/quesos/?s=queso+blanco+zedeno+kg
Call log:
  - navigating to ""https://tucentralonline.com/Av-Presidente-Medina-02/comprar/charcuteria/quesos/?s=queso+blanco+zedeno+kg"", waiting until ""domcontentloaded""
"
2026-07-19,queso_blanco,gama,6.24,"Ref. 6,24",USD,QUESO BLANCO DURO FINCA 400 GR,https://gamaenlinea.com/es,True,"Cambio de 160.0% vs semana anterior (anterior: $2.40, nuevo: $6.24)"
2026-07-19,queso_blanco,plansuarez,11.5,"Bs.8,424.46",VES,QUESO BLANCO AHUMADO X KG,https://www.plansuarez.com/index.php?route=product/search&search=queso+blanco,False,
2026-07-19,sal,central,0.0,,USD,,https://tucentralonline.com/Av-Presidente-Medina-02/comprar/viveres/?s=sal+refinada,True,"Error: Page.goto: net::ERR_EMPTY_RESPONSE at https://tucentralonline.com/Av-Presidente-Medina-02/comprar/viveres/?s=sal+refinada
Call log:
  - navigating to ""https://tucentralonline.com/Av-Presidente-Medina-02/comprar/viveres/?s=sal+refinada"", waiting until ""domcontentloaded""
"
2026-07-19,sal,gama,1.25,"Ref. 1,25",USD,SAL REFINADA EN BOLSA CELESTIAL SALT 1 KG,https://gamaenlinea.com/es,False,
2026-07-19,sal,plansuarez,0.88,Bs.644.58,VES,SAL CELESTIAL 1KG REFINADA N,https://www.plansuarez.com/index.php?route=product/search&search=sal+refinada,False,
2026-07-19,sardinas,central,0.0,,USD,,,False,Producto no disponible en Central Madeirense
2026-07-19,sardinas,gama,2.06,"Ref. 2,06",USD,SARDINAS AL LAUREL EVEBA 125 GR,https://gamaenlinea.com/es,False,
2026-07-19,sardinas,plansuarez,5.8,"Bs.4,248.37",VES,SARDINAS NOYA 184GR ACEITE VEGETAL SIN PIEL/ESPINAS,https://www.plansuarez.com/index.php?route=product/search&search=sardinas,False,
2026-07-19,tomate,central,0.0,,USD,,https://tucentralonline.com/Av-Presidente-Medina-02/comprar/fruteria-y-vegetales/vegetales/?s=tomate,True,"Error: Page.goto: net::ERR_EMPTY_RESPONSE at https://tucentralonline.com/Av-Presidente-Medina-02/comprar/fruteria-y-vegetales/vegetales/?s=tomate
Call log:
  - navigating to ""https://tucentralonline.com/Av-Presidente-Medina-02/comprar/fruteria-y-vegetales/vegetales/?s=tomate"", waiting until ""domcontentloaded""
"
2026-07-19,tomate,gama,6.38,"Ref. 6,38",USD,"TOMATE MANZANO EN BANDEJA 1,200 KG",https://gamaenlinea.com/es,False,
2026-07-19,tomate,plansuarez,0.84,Bs.612.35,VES,BANDEJA TOMATE PERITA !500! GR,https://www.plansuarez.com/index.php?route=product/search&search=tomate,True,"Cambio de 36.8% vs semana anterior (anterior: $1.33, nuevo: $0.84)"
2026-07-26,aceite,central,3.19,"3,19",USD,Aceite Coposa Vegetal 850Mlts,https://tucentralonline.com/Av-Presidente-Medina-02/comprar/viveres/margarinas-y-aceites/?s=aceite+coposa+vegetal+850,False,
2026-07-26,aceite,gama,4.41,"Ref. 4,41",USD,ACEITE VEGETAL VATEL 1 LT,https://gamaenlinea.com/es,False,
2026-07-26,aceite,plansuarez,0.0,,VES,,https://www.plansuarez.com/index.php?route=product/search&search=aceite+vegetal,True,Sin resultados para 'aceite vegetal'
2026-07-26,arroz,central,1.39,"1,39",USD,Arroz Monica Blanco Tipo I 900Gr,https://tucentralonline.com/Av-Presidente-Medina-02/comprar/viveres/arroz-y-granos/?s=arroz+monica+blanco+900,False,
2026-07-26,arroz,gama,2.57,"Ref. 2,57",USD,ARROZ BLANCO PREMIUM TIPO 1 MARY 2 KG,https://gamaenlinea.com/es,False,
2026-07-26,arroz,plansuarez,0.0,,VES,,https://www.plansuarez.com/index.php?route=product/search&search=arroz+blanco,True,Sin resultados para 'arroz blanco'
2026-07-26,atun,central,2.29,"2,29",USD,Atun Pafia Lomo en Agua 140Grs,https://tucentralonline.com/Av-Presidente-Medina-02/comprar/viveres/enlatados/?s=atun+pafia+agua+140,False,
2026-07-26,atun,gama,2.65,"Ref. 2,65",USD,ATUN EN AGUA NEWPESCA 170 GR,https://gamaenlinea.com/es,False,
2026-07-26,atun,plansuarez,0.0,,VES,,https://www.plansuarez.com/index.php?route=product/search&search=atun,True,Sin resultados para 'atun'
2026-07-26,azucar,central,1.99,"1,99",USD,Azucar Kaly Blanca Plastico 1Kg,https://tucentralonline.com/Av-Presidente-Medina-02/comprar/viveres/cafe-y-endulzantes/?s=azucar+kaly+blanca+1kg,False,
2026-07-26,azucar,gama,2.01,"Ref. 2,01",USD,AZÚCAR BLANCA REFINADA AMANECER 1 KG,https://gamaenlinea.com/es,False,
2026-07-26,azucar,plansuarez,0.0,,VES,,https://www.plansuarez.com/index.php?route=product/search&search=azucar,True,Sin resultados para 'azucar'
2026-07-26,cafe,central,3.05,"3,05",USD,Cafe Flor De Arauca Gourmet Molido Paq. 200Gr,https://tucentralonline.com/Av-Presidente-Medina-02/comprar/viveres/cafe-y-endulzantes/?s=cafe+flor+arauca+molido+200,False,
2026-07-26,cafe,gama,2.99,"Ref. 2,99",USD,CAFE GOURMET JP 200 GR,https://gamaenlinea.com/es,False,
2026-07-26,cafe,plansuarez,0.0,,VES,,https://www.plansuarez.com/index.php?route=product/search&search=cafe+molido,True,Sin resultados para 'cafe molido'
2026-07-26,caraotas,central,1.15,"1,15",USD,Caraotas Mary Negras 400Gr,https://tucentralonline.com/Av-Presidente-Medina-02/comprar/viveres/arroz-y-granos/?s=caraotas+mary+negras+400,False,
2026-07-26,caraotas,gama,1.11,"Ref. 1,11",USD,CARAOTAS NEGRAS MARY 400 GR,https://gamaenlinea.com/es,False,
2026-07-26,caraotas,plansuarez,0.0,,VES,,https://www.plansuarez.com/index.php?route=product/search&search=caraotas+negras,True,Sin resultados para 'caraotas negras'
2026-07-26,carne_molida,central,12.65,"12,65",USD,Carne Molida Premium KG,https://tucentralonline.com/Av-Presidente-Medina-02/comprar/refrigerados/carniceria-pescaderia/carnes-aves/?s=carne+molida+premium+kg,False,
2026-07-26,carne_molida,gama,8.99,"Ref. 8,99",USD,CARNE MOLIDA DE RES 1 KG,https://gamaenlinea.com/es,False,
2026-07-26,carne_molida,plansuarez,0.0,,VES,,https://www.plansuarez.com/index.php?route=product/search&search=carne+molida,True,Sin resultados para 'carne molida'
2026-07-26,cebolla,central,2.39,"2,39",USD,Cebolla Blanca Nacional 1000Gr,https://tucentralonline.com/Av-Presidente-Medina-02/comprar/fruteria-y-vegetales/vegetales/?s=cebolla+blanca+1000,False,
2026-07-26,cebolla,gama,1.81,"Ref. 1,81",USD,CEBOLLA 700 GR,https://gamaenlinea.com/es,False,
2026-07-26,cebolla,plansuarez,0.0,,VES,,https://www.plansuarez.com/index.php?route=product/search&search=cebolla,True,Sin resultados para 'cebolla'
2026-07-26,harina_maiz,central,0.99,"0,99",USD,Harina de Maiz Kaly Blanca 1KG,https://tucentralonline.com/Av-Presidente-Medina-02/comprar/viveres/harinas/?s=harina+maiz+kaly+1kg,False,
2026-07-26,harina_maiz,gama,1.07,"Ref. 1,07",USD,HARINA DE MAIZ BLANCO MARY 900 GR,https://gamaenlinea.com/es,False,
2026-07-26,harina_maiz,plansuarez,0.0,,VES,,https://www.plansuarez.com/index.php?route=product/search&search=harina+de+maiz,True,Sin resultados para 'harina de maiz'
2026-07-26,huevos,central,3.88,"3,88",USD,Huevos Rojos Grande Est. 30 Unidades,https://tucentralonline.com/Av-Presidente-Medina-02/comprar/refrigerados/huevos/?s=huevos+rojos+30+unidades,False,
2026-07-26,huevos,gama,3.99,"Ref. 3,99",USD,HUEVOS 30 UN,https://gamaenlinea.com/es,False,
2026-07-26,huevos,plansuarez,0.0,,VES,,https://www.plansuarez.com/index.php?route=product/search&search=huevos,True,Sin resultados para 'huevos'
2026-07-26,leche_polvo,central,7.79,"7,79",USD,Leche La Campina En Polvo Completa 400Gr,https://tucentralonline.com/Av-Presidente-Medina-02/comprar/viveres/lacteos-y-derivados/?s=leche+campina+polvo+400,False,
2026-07-26,leche_polvo,gama,7.89,"Ref. 7,89",USD,LECHE COMPLETA EN POLVO SAN SIMÓN 400 GR,https://gamaenlinea.com/es,False,
2026-07-26,leche_polvo,plansuarez,0.0,,VES,,https://www.plansuarez.com/index.php?route=product/search&search=leche+completa,True,Sin resultados para 'leche completa'
2026-07-26,lentejas,central,1.55,"1,55",USD,Lentejas Mary 400Gr,https://tucentralonline.com/Av-Presidente-Medina-02/comprar/viveres/arroz-y-granos/?s=lentejas+mary+400,False,
2026-07-26,lentejas,gama,1.54,"Ref. 1,54",USD,LENTEJAS MARY 400 GR,https://gamaenlinea.com/es,False,
2026-07-26,lentejas,plansuarez,0.0,,VES,,https://www.plansuarez.com/index.php?route=product/search&search=lentejas,True,Sin resultados para 'lentejas'
2026-07-26,mantequilla,central,8.7,"8,70",USD,Mantequilla La Paisana Sin Sal Barra 200Gr,https://tucentralonline.com/Av-Presidente-Medina-02/comprar/viveres/margarinas-y-aceites/?s=mantequilla+paisana+200,False,
2026-07-26,mantequilla,gama,9.06,"Ref. 9,06",USD,MANTEQUILLA LA PAISANA 200 GR,https://gamaenlinea.com/es,False,
2026-07-26,mantequilla,plansuarez,0.0,,VES,,https://www.plansuarez.com/index.php?route=product/search&search=mantequilla,True,Sin resultados para 'mantequilla'
2026-07-26,margarina,central,2.49,"2,49",USD,Margarina Juana 454Gr,https://tucentralonline.com/Av-Presidente-Medina-02/comprar/viveres/margarinas-y-aceites/?s=margarina+juana+454,False,
2026-07-26,margarina,gama,3.22,"Ref. 3,22",USD,MARGARINA LIGERA MAVESA 500 GR,https://gamaenlinea.com/es,False,
2026-07-26,margarina,plansuarez,0.0,,VES,,https://www.plansuarez.com/index.php?route=product/search&search=margarina,True,Sin resultados para 'margarina'
2026-07-26,papa,central,3.55,"3,55",USD,Papa Criolla Lavada KG,https://tucentralonline.com/Av-Presidente-Medina-02/comprar/fruteria-y-vegetales/vegetales/?s=papa+criolla+kg,False,
2026-07-26,papa,gama,3.99,"Ref. 3,99",USD,PAPA LAVADA 1 KG,https://gamaenlinea.com/es,False,
2026-07-26,papa,plansuarez,0.0,,VES,,https://www.plansuarez.com/index.php?route=product/search&search=papa,True,Sin resultados para 'papa'
2026-07-26,pasta,central,1.15,"1,15",USD,Pasta Galo Spaghetti 500Gr,https://tucentralonline.com/Av-Presidente-Medina-02/comprar/viveres/pastas/?s=spaghetti+galo+500,False,
2026-07-26,pasta,gama,1.27,"Ref. 1,27",USD,PASTA DE SEMOLA TRIGO DURUM SPAGUETTI GALO 500 GR,https://gamaenlinea.com/es,True,"Cambio de 66.4% vs semana anterior (anterior: $3.78, nuevo: $1.27)"
2026-07-26,pasta,plansuarez,0.0,,VES,,https://www.plansuarez.com/index.php?route=product/search&search=spaghetti,True,Sin resultados para 'spaghetti'
2026-07-26,platano,central,0.0,,USD,,,False,Producto no disponible en Central Madeirense
2026-07-26,platano,gama,3.27,"Ref. 3,27",USD,"PLATANOS 1,500 KG",https://gamaenlinea.com/es,False,
2026-07-26,platano,plansuarez,0.0,,VES,,https://www.plansuarez.com/index.php?route=product/search&search=platano,True,Sin resultados para 'platano'
2026-07-26,pollo,central,7.48,"7,48",USD,Delicia De Pechuga de Pollo Kg KG,https://tucentralonline.com/Av-Presidente-Medina-02/comprar/refrigerados/carniceria-pescaderia/carnes-aves/?s=pechuga+pollo+kg,False,
2026-07-26,pollo,gama,8.99,"Ref. 8,99",USD,"PECHUGA DE POLLO SIN HUESO 1,200 KG",https://gamaenlinea.com/es,False,
2026-07-26,pollo,plansuarez,0.0,,VES,,https://www.plansuarez.com/index.php?route=product/search&search=pechuga+de+pollo,True,Sin resultados para 'pechuga de pollo'
2026-07-26,queso_blanco,central,14.16,"14,16",USD,Queso Blanco Pasteurizado El Zedeño KG,https://tucentralonline.com/Av-Presidente-Medina-02/comprar/charcuteria/quesos/?s=queso+blanco+zedeno+kg,False,
2026-07-26,queso_blanco,gama,6.24,"Ref. 6,24",USD,QUESO BLANCO DURO FINCA 400 GR,https://gamaenlinea.com/es,False,
2026-07-26,queso_blanco,plansuarez,0.0,,VES,,https://www.plansuarez.com/index.php?route=product/search&search=queso+blanco,True,Sin resultados para 'queso blanco'
2026-07-26,sal,central,1.07,"1,07",USD,Sal DelMar Refinada Paquete 1Kg,https://tucentralonline.com/Av-Presidente-Medina-02/comprar/viveres/?s=sal+refinada,False,
2026-07-26,sal,gama,1.13,"Ref. 1,13",USD,SAL REFINADA EN BOLSA CELESTIAL SALT 1 KG,https://gamaenlinea.com/es,False,
2026-07-26,sal,plansuarez,0.0,,VES,,https://www.plansuarez.com/index.php?route=product/search&search=sal+refinada,True,Sin resultados para 'sal refinada'
2026-07-26,sardinas,central,0.0,,USD,,,False,Producto no disponible en Central Madeirense
2026-07-26,sardinas,gama,1.22,"Ref. 1,22",USD,SARDINAS AL NATURAL ORIENTE 170 GR,https://gamaenlinea.com/es,True,"Cambio de 40.8% vs semana anterior (anterior: $2.06, nuevo: $1.22)"
2026-07-26,sardinas,plansuarez,0.0,,VES,,https://www.plansuarez.com/index.php?route=product/search&search=sardinas,True,Sin resultados para 'sardinas'
2026-07-26,tomate,central,0.0,,USD,,https://tucentralonline.com/Av-Presidente-Medina-02/comprar/fruteria-y-vegetales/vegetales/?s=tomate,True,Producto 'tomate' no encontrado en https://tucentralonline.com/Av-Presidente-Medina-02/comprar/fruteria-y-vegetales/vegetales/?s=tomate
2026-07-26,tomate,gama,6.38,"Ref. 6,38",USD,"TOMATE MANZANO EN BANDEJA 1,200 KG",https://gamaenlinea.com/es,False,
2026-07-26,tomate,plansuarez,0.0,,VES,,https://www.plansuarez.com/index.php?route=product/search&search=tomate,True,Sin resultados para 'tomate'
2026-08-02,aceite,central,3.19,"3,19",USD,Aceite Coposa Vegetal 850Mlts,https://tucentralonline.com/Av-Presidente-Medina-02/comprar/viveres/margarinas-y-aceites/?s=aceite+coposa+vegetal+850,False,
2026-08-02,aceite,gama,4.32,"Ref. 4,32",USD,ACEITE VEGETAL VATEL 1 LT,https://gamaenlinea.com/es,False,
2026-08-02,aceite,plansuarez,0.0,,VES,,https://www.plansuarez.com/index.php?route=product/search&search=aceite+vegetal,True,Sin resultados para 'aceite vegetal'
2026-08-02,arroz,central,1.39,"1,39",USD,Arroz Monica Blanco Tipo I 900Gr,https://tucentralonline.com/Av-Presidente-Medina-02/comprar/viveres/arroz-y-granos/?s=arroz+monica+blanco+900,False,
2026-08-02,arroz,gama,2.57,"Ref. 2,57",USD,ARROZ BLANCO PREMIUM TIPO 1 MARY 2 KG,https://gamaenlinea.com/es,False,
2026-08-02,arroz,plansuarez,0.0,,VES,,https://www.plansuarez.com/index.php?route=product/search&search=arroz+blanco,True,Sin resultados para 'arroz blanco'
2026-08-02,atun,central,2.29,"2,29",USD,Atun Pafia Lomo en Agua 140Grs,https://tucentralonline.com/Av-Presidente-Medina-02/comprar/viveres/enlatados/?s=atun+pafia+agua+140,False,
2026-08-02,atun,gama,1.85,"Ref. 1,85",USD,ATUN EN AGUA VIVALDI 140 GR,https://gamaenlinea.com/es,True,"Cambio de 30.2% vs semana anterior (anterior: $2.65, nuevo: $1.85)"
2026-08-02,atun,plansuarez,0.0,,VES,,https://www.plansuarez.com/index.php?route=product/search&search=atun,True,Sin resultados para 'atun'
2026-08-02,azucar,central,1.99,"1,99",USD,Azucar Kaly Blanca Plastico 1Kg,https://tucentralonline.com/Av-Presidente-Medina-02/comprar/viveres/cafe-y-endulzantes/?s=azucar+kaly+blanca+1kg,False,
2026-08-02,azucar,gama,2.01,"Ref. 2,01",USD,AZÚCAR BLANCA REFINADA AMANECER 1 KG,https://gamaenlinea.com/es,False,
2026-08-02,azucar,plansuarez,0.0,,VES,,https://www.plansuarez.com/index.php?route=product/search&search=azucar,True,Sin resultados para 'azucar'
2026-08-02,cafe,central,3.05,"3,05",USD,Cafe Flor De Arauca Gourmet Molido Paq. 200Gr,https://tucentralonline.com/Av-Presidente-Medina-02/comprar/viveres/cafe-y-endulzantes/?s=cafe+flor+arauca+molido+200,False,
2026-08-02,cafe,gama,2.7,"Ref. 2,70",USD,CAFE GOURMET AMANECER 200 GR,https://gamaenlinea.com/es,False,
2026-08-02,cafe,plansuarez,0.0,,VES,,https://www.plansuarez.com/index.php?route=product/search&search=cafe+molido,True,Sin resultados para 'cafe molido'
2026-08-02,caraotas,central,1.15,"1,15",USD,Caraotas Mary Negras 400Gr,https://tucentralonline.com/Av-Presidente-Medina-02/comprar/viveres/arroz-y-granos/?s=caraotas+mary+negras+400,False,
2026-08-02,caraotas,gama,1.11,"Ref. 1,11",USD,CARAOTAS NEGRAS MARY 400 GR,https://gamaenlinea.com/es,False,
2026-08-02,caraotas,plansuarez,0.0,,VES,,https://www.plansuarez.com/index.php?route=product/search&search=caraotas+negras,True,Sin resultados para 'caraotas negras'
2026-08-02,carne_molida,central,12.65,"12,65",USD,Carne Molida Premium KG,https://tucentralonline.com/Av-Presidente-Medina-02/comprar/refrigerados/carniceria-pescaderia/carnes-aves/?s=carne+molida+premium+kg,False,
2026-08-02,carne_molida,gama,8.99,"Ref. 8,99",USD,CARNE MOLIDA DE RES 1 KG,https://gamaenlinea.com/es,False,
2026-08-02,carne_molida,plansuarez,0.0,,VES,,https://www.plansuarez.com/index.php?route=product/search&search=carne+molida,True,Sin resultados para 'carne molida'
2026-08-02,cebolla,central,1.98,"1,98",USD,Cebolla Blanca Nacional 1000Gr,https://tucentralonline.com/Av-Presidente-Medina-02/comprar/fruteria-y-vegetales/vegetales/?s=cebolla+blanca+1000,False,
2026-08-02,cebolla,gama,1.81,"Ref. 1,81",USD,CEBOLLA 700 GR,https://gamaenlinea.com/es,False,
2026-08-02,cebolla,plansuarez,0.0,,VES,,https://www.plansuarez.com/index.php?route=product/search&search=cebolla,True,Sin resultados para 'cebolla'
2026-08-02,harina_maiz,central,1.13,"1,13",USD,Harina de Maiz Kaly Blanca 1KG,https://tucentralonline.com/Av-Presidente-Medina-02/comprar/viveres/harinas/?s=harina+maiz+kaly+1kg,False,
2026-08-02,harina_maiz,gama,1.02,"Ref. 1,02",USD,HARINA DE MAIZ BLANCO MARY 900 GR,https://gamaenlinea.com/es,False,
2026-08-02,harina_maiz,plansuarez,0.0,,VES,,https://www.plansuarez.com/index.php?route=product/search&search=harina+de+maiz,True,Sin resultados para 'harina de maiz'
2026-08-02,huevos,central,3.88,"3,88",USD,Huevos Rojos Grande Est. 30 Unidades,https://tucentralonline.com/Av-Presidente-Medina-02/comprar/refrigerados/huevos/?s=huevos+rojos+30+unidades,False,
2026-08-02,huevos,gama,4.3,"Ref. 4,30",USD,HUEVOS 30 UN,https://gamaenlinea.com/es,False,
2026-08-02,huevos,plansuarez,0.0,,VES,,https://www.plansuarez.com/index.php?route=product/search&search=huevos,True,Sin resultados para 'huevos'
2026-08-02,leche_polvo,central,7.79,"7,79",USD,Leche La Campina En Polvo Completa 400Gr,https://tucentralonline.com/Av-Presidente-Medina-02/comprar/viveres/lacteos-y-derivados/?s=leche+campina+polvo+400,False,
2026-08-02,leche_polvo,gama,6.85,"Ref. 6,85",USD,LECHE EN POLVO COMPLETA CAMPESTRE 400 GR,https://gamaenlinea.com/es,False,
2026-08-02,leche_polvo,plansuarez,0.0,,VES,,https://www.plansuarez.com/index.php?route=product/search&search=leche+completa,True,Sin resultados para 'leche completa'
2026-08-02,lentejas,central,1.55,"1,55",USD,Lentejas Mary 400Gr,https://tucentralonline.com/Av-Presidente-Medina-02/comprar/viveres/arroz-y-granos/?s=lentejas+mary+400,False,
2026-08-02,lentejas,gama,1.54,"Ref. 1,54",USD,LENTEJAS MARY 400 GR,https://gamaenlinea.com/es,False,
2026-08-02,lentejas,plansuarez,0.0,,VES,,https://www.plansuarez.com/index.php?route=product/search&search=lentejas,True,Sin resultados para 'lentejas'
2026-08-02,mantequilla,central,9.46,"9,46",USD,Mantequilla La Paisana Sin Sal Barra 200Gr,https://tucentralonline.com/Av-Presidente-Medina-02/comprar/viveres/margarinas-y-aceites/?s=mantequilla+paisana+200,False,
2026-08-02,mantequilla,gama,8.24,"Ref. 8,24",USD,MANTEQUILLA LA PAISANA 200 GR,https://gamaenlinea.com/es,False,
2026-08-02,mantequilla,plansuarez,0.0,,VES,,https://www.plansuarez.com/index.php?route=product/search&search=mantequilla,True,Sin resultados para 'mantequilla'
2026-08-02,margarina,central,2.49,"2,49",USD,Margarina Juana 454Gr,https://tucentralonline.com/Av-Presidente-Medina-02/comprar/viveres/margarinas-y-aceites/?s=margarina+juana+454,False,
2026-08-02,margarina,gama,3.22,"Ref. 3,22",USD,MARGARINA LIGERA MAVESA 500 GR,https://gamaenlinea.com/es,False,
2026-08-02,margarina,plansuarez,0.0,,VES,,https://www.plansuarez.com/index.php?route=product/search&search=margarina,True,Sin resultados para 'margarina'
2026-08-02,papa,central,3.1,"3,10",USD,Papa Criolla Lavada KG,https://tucentralonline.com/Av-Presidente-Medina-02/comprar/fruteria-y-vegetales/vegetales/?s=papa+criolla+kg,False,
2026-08-02,papa,gama,3.99,"Ref. 3,99",USD,PAPA LAVADA 1 KG,https://gamaenlinea.com/es,False,
2026-08-02,papa,plansuarez,0.0,,VES,,https://www.plansuarez.com/index.php?route=product/search&search=papa,True,Sin resultados para 'papa'
2026-08-02,pasta,central,1.15,"1,15",USD,Pasta Galo Spaghetti 500Gr,https://tucentralonline.com/Av-Presidente-Medina-02/comprar/viveres/pastas/?s=spaghetti+galo+500,False,
2026-08-02,pasta,gama,3.17,"Ref. 3,17",USD,PASTA SPAGHETTI BARILLA 500 GR,https://gamaenlinea.com/es,True,"Cambio de 149.6% vs semana anterior (anterior: $1.27, nuevo: $3.17)"
2026-08-02,pasta,plansuarez,0.0,,VES,,https://www.plansuarez.com/index.php?route=product/search&search=spaghetti,True,Sin resultados para 'spaghetti'
2026-08-02,platano,central,0.0,,USD,,,False,Producto no disponible en Central Madeirense
2026-08-02,platano,gama,3.27,"Ref. 3,27",USD,"PLATANOS 1,500 KG",https://gamaenlinea.com/es,False,
2026-08-02,platano,plansuarez,0.0,,VES,,https://www.plansuarez.com/index.php?route=product/search&search=platano,True,Sin resultados para 'platano'
2026-08-02,pollo,central,7.48,"7,48",USD,Delicia De Pechuga de Pollo Kg KG,https://tucentralonline.com/Av-Presidente-Medina-02/comprar/refrigerados/carniceria-pescaderia/carnes-aves/?s=pechuga+pollo+kg,False,
2026-08-02,pollo,gama,10.13,"Ref. 10,13",USD,"PECHUGA DE POLLO SIN HUESO 1,500 KG",https://gamaenlinea.com/es,False,
2026-08-02,pollo,plansuarez,0.0,,VES,,https://www.plansuarez.com/index.php?route=product/search&search=pechuga+de+pollo,True,Sin resultados para 'pechuga de pollo'
2026-08-02,queso_blanco,central,14.16,"14,16",USD,Queso Blanco Pasteurizado El Zedeño KG,https://tucentralonline.com/Av-Presidente-Medina-02/comprar/charcuteria/quesos/?s=queso+blanco+zedeno+kg,False,
2026-08-02,queso_blanco,gama,2.4,"Ref. 2,40",USD,QUESO BLANCO DURO LLANERO 400 GR,https://gamaenlinea.com/es,True,"Cambio de 61.5% vs semana anterior (anterior: $6.24, nuevo: $2.40)"
2026-08-02,queso_blanco,plansuarez,0.0,,VES,,https://www.plansuarez.com/index.php?route=product/search&search=queso+blanco,True,Sin resultados para 'queso blanco'
2026-08-02,sal,central,1.07,"1,07",USD,Sal DelMar Refinada Paquete 1Kg,https://tucentralonline.com/Av-Presidente-Medina-02/comprar/viveres/?s=sal+refinada,False,
2026-08-02,sal,gama,1.16,"Ref. 1,16",USD,SAL REFINADA EN BOLSA CELESTIAL SALT 1 KG,https://gamaenlinea.com/es,False,
2026-08-02,sal,plansuarez,0.0,,VES,,https://www.plansuarez.com/index.php?route=product/search&search=sal+refinada,True,Sin resultados para 'sal refinada'
2026-08-02,sardinas,central,0.0,,USD,,,False,Producto no disponible en Central Madeirense
2026-08-02,sardinas,gama,1.22,"Ref. 1,22",USD,SARDINAS AL NATURAL ORIENTE 170 GR,https://gamaenlinea.com/es,False,
2026-08-02,sardinas,plansuarez,0.0,,VES,,https://www.plansuarez.com/index.php?route=product/search&search=sardinas,True,Sin resultados para 'sardinas'
2026-08-02,tomate,central,0.0,,USD,,https://tucentralonline.com/Av-Presidente-Medina-02/comprar/fruteria-y-vegetales/vegetales/?s=tomate,True,Producto 'tomate' no encontrado en https://tucentralonline.com/Av-Presidente-Medina-02/comprar/fruteria-y-vegetales/vegetales/?s=tomate
2026-08-02,tomate,gama,6.38,"Ref. 6,38",USD,"TOMATE MANZANO EN BANDEJA 1,200 KG",https://gamaenlinea.com/es,False,
2026-08-02,tomate,plansuarez,0.0,,VES,,https://www.plansuarez.com/index.php?route=product/search&search=tomate,True,Sin resultados para 'tomate'
2026-08-09,aceite,central,0.0,,USD,,https://tucentralonline.com/Av-Presidente-Medina-02/comprar/viveres/margarinas-y-aceites/?s=aceite+coposa+vegetal+850,True,"Error: Page.goto: net::ERR_EMPTY_RESPONSE at https://tucentralonline.com/Av-Presidente-Medina-02/comprar/viveres/margarinas-y-aceites/?s=aceite+coposa+vegetal+850
Call log:
  - navigating to ""https://tucentralonline.com/Av-Presidente-Medina-02/comprar/viveres/margarinas-y-aceites/?s=aceite+coposa+vegetal+850"", waiting until ""domcontentloaded""
"
2026-08-09,aceite,gama,3.87,"Ref. 3,87",USD,ACEITE VEGETAL VATEL 1 LT,https://gamaenlinea.com/es,False,
2026-08-09,aceite,plansuarez,4.12,"Bs.3,120.29",VES,ACEITE VATEL 1LT VEGETAL,https://www.plansuarez.com/index.php?route=product/search&search=aceite+vegetal,False,
2026-08-09,arroz,central,0.0,,USD,,https://tucentralonline.com/Av-Presidente-Medina-02/comprar/viveres/arroz-y-granos/?s=arroz+monica+blanco+900,True,"Error: Page.goto: net::ERR_EMPTY_RESPONSE at https://tucentralonline.com/Av-Presidente-Medina-02/comprar/viveres/arroz-y-granos/?s=arroz+monica+blanco+900
Call log:
  - navigating to ""https://tucentralonline.com/Av-Presidente-Medina-02/comprar/viveres/arroz-y-granos/?s=arroz+monica+blanco+900"", waiting until ""domcontentloaded""
"
2026-08-09,arroz,gama,2.57,"Ref. 2,57",USD,ARROZ BLANCO PREMIUM TIPO 1 MARY 2 KG,https://gamaenlinea.com/es,False,
2026-08-09,arroz,plansuarez,1.36,"Bs.1,027.61",VES,ARROZ PANTERA 908GR TIPO 1 BLANCO,https://www.plansuarez.com/index.php?route=product/search&search=arroz+blanco,False,
2026-08-09,atun,central,0.0,,USD,,https://tucentralonline.com/Av-Presidente-Medina-02/comprar/viveres/enlatados/?s=atun+pafia+agua+140,True,"Error: Page.goto: net::ERR_EMPTY_RESPONSE at https://tucentralonline.com/Av-Presidente-Medina-02/comprar/viveres/enlatados/?s=atun+pafia+agua+140
Call log:
  - navigating to ""https://tucentralonline.com/Av-Presidente-Medina-02/comprar/viveres/enlatados/?s=atun+pafia+agua+140"", waiting until ""domcontentloaded""
"
2026-08-09,atun,gama,1.85,"Ref. 1,85",USD,ATUN EN AGUA VIVALDI 140 GR,https://gamaenlinea.com/es,False,
2026-08-09,atun,plansuarez,3.25,"Bs.2,458.49",VES,ATUN LA FRAGUA 145GR LIMON,https://www.plansuarez.com/index.php?route=product/search&search=atun,False,
2026-08-09,azucar,central,0.0,,USD,,https://tucentralonline.com/Av-Presidente-Medina-02/comprar/viveres/cafe-y-endulzantes/?s=azucar+kaly+blanca+1kg,True,"Error: Page.goto: net::ERR_EMPTY_RESPONSE at https://tucentralonline.com/Av-Presidente-Medina-02/comprar/viveres/cafe-y-endulzantes/?s=azucar+kaly+blanca+1kg
Call log:
  - navigating to ""https://tucentralonline.com/Av-Presidente-Medina-02/comprar/viveres/cafe-y-endulzantes/?s=azucar+kaly+blanca+1kg"", waiting until ""domcontentloaded""
"
2026-08-09,azucar,gama,2.01,"Ref. 2,01",USD,AZÚCAR BLANCA REFINADA AMANECER 1 KG,https://gamaenlinea.com/es,False,
2026-08-09,azucar,plansuarez,1.73,"Bs.1,311.94",VES,AZUCAR AMANECER 1KG REFINADA,https://www.plansuarez.com/index.php?route=product/search&search=azucar,False,
2026-08-09,cafe,central,0.0,,USD,,https://tucentralonline.com/Av-Presidente-Medina-02/comprar/viveres/cafe-y-endulzantes/?s=cafe+flor+arauca+molido+200,True,"Error: Page.goto: net::ERR_EMPTY_RESPONSE at https://tucentralonline.com/Av-Presidente-Medina-02/comprar/viveres/cafe-y-endulzantes/?s=cafe+flor+arauca+molido+200
Call log:
  - navigating to ""https://tucentralonline.com/Av-Presidente-Medina-02/comprar/viveres/cafe-y-endulzantes/?s=cafe+flor+arauca+molido+200"", waiting until ""domcontentloaded""
"
2026-08-09,cafe,gama,2.75,"Ref. 2,75",USD,CAFE GOURMET JP 200 GR,https://gamaenlinea.com/es,False,
2026-08-09,cafe,plansuarez,2.76,"Bs.2,088.51",VES,CAFE FLOR DE ARAUCA 200GR,https://www.plansuarez.com/index.php?route=product/search&search=cafe+molido,False,
2026-08-09,caraotas,central,0.0,,USD,,https://tucentralonline.com/Av-Presidente-Medina-02/comprar/viveres/arroz-y-granos/?s=caraotas+mary+negras+400,True,"Error: Page.goto: net::ERR_EMPTY_RESPONSE at https://tucentralonline.com/Av-Presidente-Medina-02/comprar/viveres/arroz-y-granos/?s=caraotas+mary+negras+400
Call log:
  - navigating to ""https://tucentralonline.com/Av-Presidente-Medina-02/comprar/viveres/arroz-y-granos/?s=caraotas+mary+negras+400"", waiting until ""domcontentloaded""
"
2026-08-09,caraotas,gama,1.11,"Ref. 1,11",USD,CARAOTAS NEGRAS MARY 400 GR,https://gamaenlinea.com/es,False,
2026-08-09,caraotas,plansuarez,1.1,Bs.832.38,VES,CARAOTAS MARY 400GR NEGRAS,https://www.plansuarez.com/index.php?route=product/search&search=caraotas+negras,False,
2026-08-09,carne_molida,central,0.0,,USD,,https://tucentralonline.com/Av-Presidente-Medina-02/comprar/refrigerados/carniceria-pescaderia/carnes-aves/?s=carne+molida+premium+kg,True,"Error: Page.goto: net::ERR_EMPTY_RESPONSE at https://tucentralonline.com/Av-Presidente-Medina-02/comprar/refrigerados/carniceria-pescaderia/carnes-aves/?s=carne+molida+premium+kg
Call log:
  - navigating to ""https://tucentralonline.com/Av-Presidente-Medina-02/comprar/refrigerados/carniceria-pescaderia/carnes-aves/?s=carne+molida+premium+kg"", waiting until ""domcontentloaded""
"
2026-08-09,carne_molida,gama,8.99,"Ref. 8,99",USD,CARNE MOLIDA DE RES 1 KG,https://gamaenlinea.com/es,False,
2026-08-09,carne_molida,plansuarez,8.95,"Bs.6,772.54",VES,CARNE MOLIDA X KG PLANSUAREZ,https://www.plansuarez.com/index.php?route=product/search&search=carne+molida,False,
2026-08-09,cebolla,central,0.0,,USD,,https://tucentralonline.com/Av-Presidente-Medina-02/comprar/fruteria-y-vegetales/vegetales/?s=cebolla+blanca+1000,True,"Error: Page.goto: net::ERR_EMPTY_RESPONSE at https://tucentralonline.com/Av-Presidente-Medina-02/comprar/fruteria-y-vegetales/vegetales/?s=cebolla+blanca+1000
Call log:
  - navigating to ""https://tucentralonline.com/Av-Presidente-Medina-02/comprar/fruteria-y-vegetales/vegetales/?s=cebolla+blanca+1000"", waiting until ""domcontentloaded""
"
2026-08-09,cebolla,gama,1.65,"Ref. 1,65",USD,CEBOLLA 700 GR,https://gamaenlinea.com/es,False,
2026-08-09,cebolla,plansuarez,6.4,"Bs.4,842.93",VES,AJO CEBOLLA PEREJIL X KG MOLIDO,https://www.plansuarez.com/index.php?route=product/search&search=cebolla,False,
2026-08-09,harina_maiz,central,0.0,,USD,,https://tucentralonline.com/Av-Presidente-Medina-02/comprar/viveres/harinas/?s=harina+maiz+kaly+1kg,True,"Error: Page.goto: net::ERR_EMPTY_RESPONSE at https://tucentralonline.com/Av-Presidente-Medina-02/comprar/viveres/harinas/?s=harina+maiz+kaly+1kg
Call log:
  - navigating to ""https://tucentralonline.com/Av-Presidente-Medina-02/comprar/viveres/harinas/?s=harina+maiz+kaly+1kg"", waiting until ""domcontentloaded""
"
2026-08-09,harina_maiz,gama,1.19,"Ref. 1,19",USD,HARINA DE MAIZ BLANCO JUANA 1 KG,https://gamaenlinea.com/es,False,
2026-08-09,harina_maiz,plansuarez,1.16,Bs.876.00,VES,HARINA DE MAIZ KALY 1KG BLANCA,https://www.plansuarez.com/index.php?route=product/search&search=harina+de+maiz,False,
2026-08-09,huevos,central,0.0,,USD,,https://tucentralonline.com/Av-Presidente-Medina-02/comprar/refrigerados/huevos/?s=huevos+rojos+30+unidades,True,"Error: Page.goto: net::ERR_EMPTY_RESPONSE at https://tucentralonline.com/Av-Presidente-Medina-02/comprar/refrigerados/huevos/?s=huevos+rojos+30+unidades
Call log:
  - navigating to ""https://tucentralonline.com/Av-Presidente-Medina-02/comprar/refrigerados/huevos/?s=huevos+rojos+30+unidades"", waiting until ""domcontentloaded""
"
2026-08-09,huevos,gama,4.75,"Ref. 4,75",USD,HUEVOS 30 UN,https://gamaenlinea.com/es,False,
2026-08-09,huevos,plansuarez,4.75,"Bs.3,595.95",VES,HUEVOS EL TUNAL 30UND,https://www.plansuarez.com/index.php?route=product/search&search=huevos,False,
2026-08-09,leche_polvo,central,0.0,,USD,,https://tucentralonline.com/Av-Presidente-Medina-02/comprar/viveres/lacteos-y-derivados/?s=leche+campina+polvo+400,True,"Error: Page.goto: net::ERR_EMPTY_RESPONSE at https://tucentralonline.com/Av-Presidente-Medina-02/comprar/viveres/lacteos-y-derivados/?s=leche+campina+polvo+400
Call log:
  - navigating to ""https://tucentralonline.com/Av-Presidente-Medina-02/comprar/viveres/lacteos-y-derivados/?s=leche+campina+polvo+400"", waiting until ""domcontentloaded""
"
2026-08-09,leche_polvo,gama,6.59,"Ref. 6,59",USD,LECHE EN POLVO COMPLETA CAMPESTRE 400 GR,https://gamaenlinea.com/es,False,
2026-08-09,leche_polvo,plansuarez,6.25,"Bs.4,729.43",VES,LECHE DOBON 400GR COMPLETA,https://www.plansuarez.com/index.php?route=product/search&search=leche+completa,False,
2026-08-09,lentejas,central,0.0,,USD,,https://tucentralonline.com/Av-Presidente-Medina-02/comprar/viveres/arroz-y-granos/?s=lentejas+mary+400,True,"Error: Page.goto: net::ERR_EMPTY_RESPONSE at https://tucentralonline.com/Av-Presidente-Medina-02/comprar/viveres/arroz-y-granos/?s=lentejas+mary+400
Call log:
  - navigating to ""https://tucentralonline.com/Av-Presidente-Medina-02/comprar/viveres/arroz-y-granos/?s=lentejas+mary+400"", waiting until ""domcontentloaded""
"
2026-08-09,lentejas,gama,1.54,"Ref. 1,54",USD,LENTEJAS MARY 400 GR,https://gamaenlinea.com/es,False,
2026-08-09,lentejas,plansuarez,1.51,"Bs.1,144.52",VES,LENTEJAS MARY 400GR,https://www.plansuarez.com/index.php?route=product/search&search=lentejas,False,
2026-08-09,mantequilla,central,0.0,,USD,,https://tucentralonline.com/Av-Presidente-Medina-02/comprar/viveres/margarinas-y-aceites/?s=mantequilla+paisana+200,True,"Error: Page.goto: net::ERR_EMPTY_RESPONSE at https://tucentralonline.com/Av-Presidente-Medina-02/comprar/viveres/margarinas-y-aceites/?s=mantequilla+paisana+200
Call log:
  - navigating to ""https://tucentralonline.com/Av-Presidente-Medina-02/comprar/viveres/margarinas-y-aceites/?s=mantequilla+paisana+200"", waiting until ""domcontentloaded""
"
2026-08-09,mantequilla,gama,9.16,"Ref. 9,16",USD,MANTEQUILLA LA PAISANA 200 GR,https://gamaenlinea.com/es,False,
2026-08-09,mantequilla,plansuarez,2.67,"Bs.2,017.91",VES,GALLETAS EMECE 125GR MANTEQUILLA,https://www.plansuarez.com/index.php?route=product/search&search=mantequilla,True,"Cambio de 44.4% vs semana anterior (anterior: $4.80, nuevo: $2.67)"
2026-08-09,margarina,central,0.0,,USD,,https://tucentralonline.com/Av-Presidente-Medina-02/comprar/viveres/margarinas-y-aceites/?s=margarina+juana+454,True,"Error: Page.goto: net::ERR_EMPTY_RESPONSE at https://tucentralonline.com/Av-Presidente-Medina-02/comprar/viveres/margarinas-y-aceites/?s=margarina+juana+454
Call log:
  - navigating to ""https://tucentralonline.com/Av-Presidente-Medina-02/comprar/viveres/margarinas-y-aceites/?s=margarina+juana+454"", waiting until ""domcontentloaded""
"
2026-08-09,margarina,gama,3.22,"Ref. 3,22",USD,MARGARINA LIGERA MAVESA 500 GR,https://gamaenlinea.com/es,False,
2026-08-09,margarina,plansuarez,2.16,"Bs.1,632.09",VES,MARGARINA JUANA 454GR,https://www.plansuarez.com/index.php?route=product/search&search=margarina,False,
2026-08-09,papa,central,0.0,,USD,,https://tucentralonline.com/Av-Presidente-Medina-02/comprar/fruteria-y-vegetales/vegetales/?s=papa+criolla+kg,True,"Error: Page.goto: net::ERR_EMPTY_RESPONSE at https://tucentralonline.com/Av-Presidente-Medina-02/comprar/fruteria-y-vegetales/vegetales/?s=papa+criolla+kg
Call log:
  - navigating to ""https://tucentralonline.com/Av-Presidente-Medina-02/comprar/fruteria-y-vegetales/vegetales/?s=papa+criolla+kg"", waiting until ""domcontentloaded""
"
2026-08-09,papa,gama,3.99,"Ref. 3,99",USD,PAPA LAVADA 1 KG,https://gamaenlinea.com/es,False,
2026-08-09,papa,plansuarez,1.27,Bs.958.50,VES,BANDEJA PAPA !500! GR,https://www.plansuarez.com/index.php?route=product/search&search=papa,False,
2026-08-09,pasta,central,0.0,,USD,,https://tucentralonline.com/Av-Presidente-Medina-02/comprar/viveres/pastas/?s=spaghetti+galo+500,True,"Error: Page.goto: net::ERR_EMPTY_RESPONSE at https://tucentralonline.com/Av-Presidente-Medina-02/comprar/viveres/pastas/?s=spaghetti+galo+500
Call log:
  - navigating to ""https://tucentralonline.com/Av-Presidente-Medina-02/comprar/viveres/pastas/?s=spaghetti+galo+500"", waiting until ""domcontentloaded""
"
2026-08-09,pasta,gama,1.05,"Ref. 1,05",USD,PASTA DE SEMOLA TRIGO DURUM SPAGUETTI GALO 500 GR,https://gamaenlinea.com/es,True,"Cambio de 66.9% vs semana anterior (anterior: $3.17, nuevo: $1.05)"
2026-08-09,pasta,plansuarez,2.85,"Bs.2,154.63",VES,PASTA DIVELLA 500GR SPAGHETTI,https://www.plansuarez.com/index.php?route=product/search&search=spaghetti,False,
2026-08-09,platano,central,0.0,,USD,,,False,Producto no disponible en Central Madeirense
2026-08-09,platano,gama,3.27,"Ref. 3,27",USD,"PLATANOS 1,500 KG",https://gamaenlinea.com/es,False,
2026-08-09,platano,plansuarez,1.99,"Bs.1,505.85",VES,PLATANO X KG,https://www.plansuarez.com/index.php?route=product/search&search=platano,False,
2026-08-09,pollo,central,0.0,,USD,,https://tucentralonline.com/Av-Presidente-Medina-02/comprar/refrigerados/carniceria-pescaderia/carnes-aves/?s=pechuga+pollo+kg,True,"Error: Page.goto: net::ERR_EMPTY_RESPONSE at https://tucentralonline.com/Av-Presidente-Medina-02/comprar/refrigerados/carniceria-pescaderia/carnes-aves/?s=pechuga+pollo+kg
Call log:
  - navigating to ""https://tucentralonline.com/Av-Presidente-Medina-02/comprar/refrigerados/carniceria-pescaderia/carnes-aves/?s=pechuga+pollo+kg"", waiting until ""domcontentloaded""
"
2026-08-09,pollo,gama,5.99,"Ref. 5,99",USD,PECHUGA DE POLLO CON HUESO 1 KG,https://gamaenlinea.com/es,True,"Cambio de 40.9% vs semana anterior (anterior: $10.13, nuevo: $5.99)"
2026-08-09,pollo,plansuarez,3.43,"Bs.2,598.24",VES,BANDEJA PECHUGA HERMO DE POLLO !300! GR,https://www.plansuarez.com/index.php?route=product/search&search=pechuga+de+pollo,True,"Cambio de 41.4% vs semana anterior (anterior: $5.85, nuevo: $3.43)"
2026-08-09,queso_blanco,central,0.0,,USD,,https://tucentralonline.com/Av-Presidente-Medina-02/comprar/charcuteria/quesos/?s=queso+blanco+zedeno+kg,True,"Error: Page.goto: net::ERR_EMPTY_RESPONSE at https://tucentralonline.com/Av-Presidente-Medina-02/comprar/charcuteria/quesos/?s=queso+blanco+zedeno+kg
Call log:
  - navigating to ""https://tucentralonline.com/Av-Presidente-Medina-02/comprar/charcuteria/quesos/?s=queso+blanco+zedeno+kg"", waiting until ""domcontentloaded""
"
2026-08-09,queso_blanco,gama,2.4,"Ref. 2,40",USD,QUESO BLANCO DURO LLANERO 400 GR,https://gamaenlinea.com/es,False,
2026-08-09,queso_blanco,plansuarez,11.5,"Bs.8,703.13",VES,QUESO BLANCO AHUMADO X KG,https://www.plansuarez.com/index.php?route=product/search&search=queso+blanco,False,
2026-08-09,sal,central,0.0,,USD,,https://tucentralonline.com/Av-Presidente-Medina-02/comprar/viveres/?s=sal+refinada,True,"Error: Page.goto: net::ERR_EMPTY_RESPONSE at https://tucentralonline.com/Av-Presidente-Medina-02/comprar/viveres/?s=sal+refinada
Call log:
  - navigating to ""https://tucentralonline.com/Av-Presidente-Medina-02/comprar/viveres/?s=sal+refinada"", waiting until ""domcontentloaded""
"
2026-08-09,sal,gama,1.16,"Ref. 1,16",USD,SAL REFINADA EN BOLSA CELESTIAL SALT 1 KG,https://gamaenlinea.com/es,False,
2026-08-09,sal,plansuarez,0.86,Bs.650.77,VES,SAL ARRECIFE 1KG REFINADA,https://www.plansuarez.com/index.php?route=product/search&search=sal+refinada,False,
2026-08-09,sardinas,central,0.0,,USD,,,False,Producto no disponible en Central Madeirense
2026-08-09,sardinas,gama,1.22,"Ref. 1,22",USD,SARDINAS AL NATURAL ORIENTE 170 GR,https://gamaenlinea.com/es,False,
2026-08-09,sardinas,plansuarez,5.8,"Bs.4,388.91",VES,SARDINAS NOYA 184GR ACEITE VEGETAL SIN PIEL/ESPINAS,https://www.plansuarez.com/index.php?route=product/search&search=sardinas,False,
2026-08-09,tomate,central,0.0,,USD,,https://tucentralonline.com/Av-Presidente-Medina-02/comprar/fruteria-y-vegetales/vegetales/?s=tomate,True,"Error: Page.goto: net::ERR_EMPTY_RESPONSE at https://tucentralonline.com/Av-Presidente-Medina-02/comprar/fruteria-y-vegetales/vegetales/?s=tomate
Call log:
  - navigating to ""https://tucentralonline.com/Av-Presidente-Medina-02/comprar/fruteria-y-vegetales/vegetales/?s=tomate"", waiting until ""domcontentloaded""
"
2026-08-09,tomate,gama,6.38,"Ref. 6,38",USD,"TOMATE MANZANO EN BANDEJA 1,200 KG",https://gamaenlinea.com/es,False,
2026-08-09,tomate,plansuarez,0.99,Bs.752.92,VES,BANDEJA TOMATE PERITA !500! GR,https://www.plansuarez.com/index.php?route=product/search&search=tomate,False,
2026-08-16,aceite,central,0.0,,USD,,https://tucentralonline.com/Av-Presidente-Medina-02/comprar/viveres/margarinas-y-aceites/?s=aceite+coposa+vegetal+850,True,"Error: Page.goto: net::ERR_EMPTY_RESPONSE at https://tucentralonline.com/Av-Presidente-Medina-02/comprar/viveres/margarinas-y-aceites/?s=aceite+coposa+vegetal+850
Call log:
  - navigating to ""https://tucentralonline.com/Av-Presidente-Medina-02/comprar/viveres/margarinas-y-aceites/?s=aceite+coposa+vegetal+850"", waiting until ""domcontentloaded""
"
2026-08-16,aceite,gama,4.07,"Ref. 4,07",USD,ACEITE VEGETAL VATEL 1 LT,https://gamaenlinea.com/es,False,
2026-08-16,aceite,plansuarez,3.38,"Bs.2,606.99",VES,ACEITE VATEL 1LT VEGETAL,https://www.plansuarez.com/index.php?route=product/search&search=aceite+vegetal,False,
2026-08-16,arroz,central,0.0,,USD,,https://tucentralonline.com/Av-Presidente-Medina-02/comprar/viveres/arroz-y-granos/?s=arroz+monica+blanco+900,True,"Error: Page.goto: net::ERR_EMPTY_RESPONSE at https://tucentralonline.com/Av-Presidente-Medina-02/comprar/viveres/arroz-y-granos/?s=arroz+monica+blanco+900
Call log:
  - navigating to ""https://tucentralonline.com/Av-Presidente-Medina-02/comprar/viveres/arroz-y-granos/?s=arroz+monica+blanco+900"", waiting until ""domcontentloaded""
"
2026-08-16,arroz,gama,2.57,"Ref. 2,57",USD,ARROZ BLANCO PREMIUM TIPO 1 MARY 2 KG,https://gamaenlinea.com/es,False,
2026-08-16,arroz,plansuarez,1.36,"Bs.1,047.12",VES,ARROZ PANTERA 908GR TIPO 1 BLANCO,https://www.plansuarez.com/index.php?route=product/search&search=arroz+blanco,False,
2026-08-16,atun,central,0.0,,USD,,https://tucentralonline.com/Av-Presidente-Medina-02/comprar/viveres/enlatados/?s=atun+pafia+agua+140,True,"Error: Page.goto: net::ERR_EMPTY_RESPONSE at https://tucentralonline.com/Av-Presidente-Medina-02/comprar/viveres/enlatados/?s=atun+pafia+agua+140
Call log:
  - navigating to ""https://tucentralonline.com/Av-Presidente-Medina-02/comprar/viveres/enlatados/?s=atun+pafia+agua+140"", waiting until ""domcontentloaded""
"
2026-08-16,atun,gama,1.76,"Ref. 1,76",USD,ATUN EN AGUA VIVALDI 140 GR,https://gamaenlinea.com/es,False,
2026-08-16,atun,plansuarez,3.25,"Bs.2,505.16",VES,ATUN LA FRAGUA 145GR LIMON,https://www.plansuarez.com/index.php?route=product/search&search=atun,False,
2026-08-16,azucar,central,0.0,,USD,,https://tucentralonline.com/Av-Presidente-Medina-02/comprar/viveres/cafe-y-endulzantes/?s=azucar+kaly+blanca+1kg,True,"Error: Page.goto: net::ERR_EMPTY_RESPONSE at https://tucentralonline.com/Av-Presidente-Medina-02/comprar/viveres/cafe-y-endulzantes/?s=azucar+kaly+blanca+1kg
Call log:
  - navigating to ""https://tucentralonline.com/Av-Presidente-Medina-02/comprar/viveres/cafe-y-endulzantes/?s=azucar+kaly+blanca+1kg"", waiting until ""domcontentloaded""
"
2026-08-16,azucar,gama,2.01,"Ref. 2,01",USD,AZÚCAR BLANCA REFINADA AMANECER 1 KG,https://gamaenlinea.com/es,False,
2026-08-16,azucar,plansuarez,1.73,"Bs.1,336.85",VES,AZUCAR AMANECER 1KG REFINADA,https://www.plansuarez.com/index.php?route=product/search&search=azucar,False,
2026-08-16,cafe,central,0.0,,USD,,https://tucentralonline.com/Av-Presidente-Medina-02/comprar/viveres/cafe-y-endulzantes/?s=cafe+flor+arauca+molido+200,True,"Error: Page.goto: net::ERR_EMPTY_RESPONSE at https://tucentralonline.com/Av-Presidente-Medina-02/comprar/viveres/cafe-y-endulzantes/?s=cafe+flor+arauca+molido+200
Call log:
  - navigating to ""https://tucentralonline.com/Av-Presidente-Medina-02/comprar/viveres/cafe-y-endulzantes/?s=cafe+flor+arauca+molido+200"", waiting until ""domcontentloaded""
"
2026-08-16,cafe,gama,2.75,"Ref. 2,75",USD,CAFE GOURMET JP 200 GR,https://gamaenlinea.com/es,False,
2026-08-16,cafe,plansuarez,2.76,"Bs.2,128.16",VES,CAFE FLOR DE ARAUCA 200GR,https://www.plansuarez.com/index.php?route=product/search&search=cafe+molido,False,
2026-08-16,caraotas,central,0.0,,USD,,https://tucentralonline.com/Av-Presidente-Medina-02/comprar/viveres/arroz-y-granos/?s=caraotas+mary+negras+400,True,"Error: Page.goto: net::ERR_EMPTY_RESPONSE at https://tucentralonline.com/Av-Presidente-Medina-02/comprar/viveres/arroz-y-granos/?s=caraotas+mary+negras+400
Call log:
  - navigating to ""https://tucentralonline.com/Av-Presidente-Medina-02/comprar/viveres/arroz-y-granos/?s=caraotas+mary+negras+400"", waiting until ""domcontentloaded""
"
2026-08-16,caraotas,gama,1.11,"Ref. 1,11",USD,CARAOTAS NEGRAS MARY 400 GR,https://gamaenlinea.com/es,False,
2026-08-16,caraotas,plansuarez,1.1,Bs.848.18,VES,CARAOTAS MARY 400GR NEGRAS,https://www.plansuarez.com/index.php?route=product/search&search=caraotas+negras,False,
2026-08-16,carne_molida,central,0.0,,USD,,https://tucentralonline.com/Av-Presidente-Medina-02/comprar/refrigerados/carniceria-pescaderia/carnes-aves/?s=carne+molida+premium+kg,True,"Error: Page.goto: net::ERR_EMPTY_RESPONSE at https://tucentralonline.com/Av-Presidente-Medina-02/comprar/refrigerados/carniceria-pescaderia/carnes-aves/?s=carne+molida+premium+kg
Call log:
  - navigating to ""https://tucentralonline.com/Av-Presidente-Medina-02/comprar/refrigerados/carniceria-pescaderia/carnes-aves/?s=carne+molida+premium+kg"", waiting until ""domcontentloaded""
"
2026-08-16,carne_molida,gama,7.99,"Ref. 7,99",USD,CARNE MOLIDA DE RES 1 KG,https://gamaenlinea.com/es,False,
2026-08-16,carne_molida,plansuarez,8.9,"Bs.6,862.54",VES,CARNE MOLIDA X KG PLANSUAREZ,https://www.plansuarez.com/index.php?route=product/search&search=carne+molida,False,
2026-08-16,cebolla,central,0.0,,USD,,https://tucentralonline.com/Av-Presidente-Medina-02/comprar/fruteria-y-vegetales/vegetales/?s=cebolla+blanca+1000,True,"Error: Page.goto: net::ERR_EMPTY_RESPONSE at https://tucentralonline.com/Av-Presidente-Medina-02/comprar/fruteria-y-vegetales/vegetales/?s=cebolla+blanca+1000
Call log:
  - navigating to ""https://tucentralonline.com/Av-Presidente-Medina-02/comprar/fruteria-y-vegetales/vegetales/?s=cebolla+blanca+1000"", waiting until ""domcontentloaded""
"
2026-08-16,cebolla,gama,1.51,"Ref. 1,51",USD,CEBOLLA 700 GR,https://gamaenlinea.com/es,False,
2026-08-16,cebolla,plansuarez,6.4,"Bs.4,934.86",VES,AJO CEBOLLA PEREJIL X KG MOLIDO,https://www.plansuarez.com/index.php?route=product/search&search=cebolla,False,
2026-08-16,harina_maiz,central,0.0,,USD,,https://tucentralonline.com/Av-Presidente-Medina-02/comprar/viveres/harinas/?s=harina+maiz+kaly+1kg,True,"Error: Page.goto: net::ERR_EMPTY_RESPONSE at https://tucentralonline.com/Av-Presidente-Medina-02/comprar/viveres/harinas/?s=harina+maiz+kaly+1kg
Call log:
  - navigating to ""https://tucentralonline.com/Av-Presidente-Medina-02/comprar/viveres/harinas/?s=harina+maiz+kaly+1kg"", waiting until ""domcontentloaded""
"
2026-08-16,harina_maiz,gama,1.07,"Ref. 1,07",USD,HARINA DE MAIZ BLANCO JUANA 1 KG,https://gamaenlinea.com/es,False,
2026-08-16,harina_maiz,plansuarez,1.04,Bs.803.46,VES,HARINA DE MAIZ KALY 1KG BLANCA,https://www.plansuarez.com/index.php?route=product/search&search=harina+de+maiz,False,
2026-08-16,huevos,central,0.0,,USD,,https://tucentralonline.com/Av-Presidente-Medina-02/comprar/refrigerados/huevos/?s=huevos+rojos+30+unidades,True,"Error: Page.goto: net::ERR_EMPTY_RESPONSE at https://tucentralonline.com/Av-Presidente-Medina-02/comprar/refrigerados/huevos/?s=huevos+rojos+30+unidades
Call log:
  - navigating to ""https://tucentralonline.com/Av-Presidente-Medina-02/comprar/refrigerados/huevos/?s=huevos+rojos+30+unidades"", waiting until ""domcontentloaded""
"
2026-08-16,huevos,gama,5.6,"Ref. 5,60",USD,HUEVOS 30 UN,https://gamaenlinea.com/es,False,
2026-08-16,huevos,plansuarez,5.95,"Bs.4,590.96",VES,HUEVOS EL TUNAL 30UND,https://www.plansuarez.com/index.php?route=product/search&search=huevos,False,
2026-08-16,leche_polvo,central,0.0,,USD,,https://tucentralonline.com/Av-Presidente-Medina-02/comprar/viveres/lacteos-y-derivados/?s=leche+campina+polvo+400,True,"Error: Page.goto: net::ERR_EMPTY_RESPONSE at https://tucentralonline.com/Av-Presidente-Medina-02/comprar/viveres/lacteos-y-derivados/?s=leche+campina+polvo+400
Call log:
  - navigating to ""https://tucentralonline.com/Av-Presidente-Medina-02/comprar/viveres/lacteos-y-derivados/?s=leche+campina+polvo+400"", waiting until ""domcontentloaded""
"
2026-08-16,leche_polvo,gama,6.59,"Ref. 6,59",USD,LECHE EN POLVO COMPLETA CAMPESTRE 400 GR,https://gamaenlinea.com/es,False,
2026-08-16,leche_polvo,plansuarez,6.25,"Bs.4,819.20",VES,LECHE DOBON 400GR COMPLETA,https://www.plansuarez.com/index.php?route=product/search&search=leche+completa,False,
2026-08-16,lentejas,central,0.0,,USD,,https://tucentralonline.com/Av-Presidente-Medina-02/comprar/viveres/arroz-y-granos/?s=lentejas+mary+400,True,"Error: Page.goto: net::ERR_EMPTY_RESPONSE at https://tucentralonline.com/Av-Presidente-Medina-02/comprar/viveres/arroz-y-granos/?s=lentejas+mary+400
Call log:
  - navigating to ""https://tucentralonline.com/Av-Presidente-Medina-02/comprar/viveres/arroz-y-granos/?s=lentejas+mary+400"", waiting until ""domcontentloaded""
"
2026-08-16,lentejas,gama,1.54,"Ref. 1,54",USD,LENTEJAS MARY 400 GR,https://gamaenlinea.com/es,False,
2026-08-16,lentejas,plansuarez,1.51,"Bs.1,166.24",VES,LENTEJAS MARY 400GR,https://www.plansuarez.com/index.php?route=product/search&search=lentejas,False,
2026-08-16,mantequilla,central,0.0,,USD,,https://tucentralonline.com/Av-Presidente-Medina-02/comprar/viveres/margarinas-y-aceites/?s=mantequilla+paisana+200,True,"Error: Page.goto: net::ERR_EMPTY_RESPONSE at https://tucentralonline.com/Av-Presidente-Medina-02/comprar/viveres/margarinas-y-aceites/?s=mantequilla+paisana+200
Call log:
  - navigating to ""https://tucentralonline.com/Av-Presidente-Medina-02/comprar/viveres/margarinas-y-aceites/?s=mantequilla+paisana+200"", waiting until ""domcontentloaded""
"
2026-08-16,mantequilla,gama,4.72,"Ref. 4,72",USD,MANTEQUILLA CON SAL BUFIKRIM 240 GR,https://gamaenlinea.com/es,True,"Cambio de 48.5% vs semana anterior (anterior: $9.16, nuevo: $4.72)"
2026-08-16,mantequilla,plansuarez,2.67,"Bs.2,056.22",VES,GALLETAS EMECE 125GR MANTEQUILLA,https://www.plansuarez.com/index.php?route=product/search&search=mantequilla,False,
2026-08-16,margarina,central,0.0,,USD,,https://tucentralonline.com/Av-Presidente-Medina-02/comprar/viveres/margarinas-y-aceites/?s=margarina+juana+454,True,"Error: Page.goto: net::ERR_EMPTY_RESPONSE at https://tucentralonline.com/Av-Presidente-Medina-02/comprar/viveres/margarinas-y-aceites/?s=margarina+juana+454
Call log:
  - navigating to ""https://tucentralonline.com/Av-Presidente-Medina-02/comprar/viveres/margarinas-y-aceites/?s=margarina+juana+454"", waiting until ""domcontentloaded""
"
2026-08-16,margarina,gama,3.22,"Ref. 3,22",USD,MARGARINA LIGERA MAVESA 500 GR,https://gamaenlinea.com/es,False,
2026-08-16,margarina,plansuarez,2.16,"Bs.1,663.07",VES,MARGARINA JUANA 454GR,https://www.plansuarez.com/index.php?route=product/search&search=margarina,False,
2026-08-16,papa,central,0.0,,USD,,https://tucentralonline.com/Av-Presidente-Medina-02/comprar/fruteria-y-vegetales/vegetales/?s=papa+criolla+kg,True,"Error: Page.goto: net::ERR_EMPTY_RESPONSE at https://tucentralonline.com/Av-Presidente-Medina-02/comprar/fruteria-y-vegetales/vegetales/?s=papa+criolla+kg
Call log:
  - navigating to ""https://tucentralonline.com/Av-Presidente-Medina-02/comprar/fruteria-y-vegetales/vegetales/?s=papa+criolla+kg"", waiting until ""domcontentloaded""
"
2026-08-16,papa,gama,3.7,"Ref. 3,70",USD,PAPA LAVADA 1 KG,https://gamaenlinea.com/es,False,
2026-08-16,papa,plansuarez,0.97,Bs.751.79,VES,BANDEJA PAPA !500! GR,https://www.plansuarez.com/index.php?route=product/search&search=papa,False,
2026-08-16,pasta,central,0.0,,USD,,https://tucentralonline.com/Av-Presidente-Medina-02/comprar/viveres/pastas/?s=spaghetti+galo+500,True,"Error: Page.goto: net::ERR_EMPTY_RESPONSE at https://tucentralonline.com/Av-Presidente-Medina-02/comprar/viveres/pastas/?s=spaghetti+galo+500
Call log:
  - navigating to ""https://tucentralonline.com/Av-Presidente-Medina-02/comprar/viveres/pastas/?s=spaghetti+galo+500"", waiting until ""domcontentloaded""
"
2026-08-16,pasta,gama,1.05,"Ref. 1,05",USD,PASTA DE SEMOLA TRIGO DURUM SPAGUETTI GALO 500 GR,https://gamaenlinea.com/es,False,
2026-08-16,pasta,plansuarez,2.5,"Bs.1,927.68",VES,PASTA DIVELLA 500GR SPAGHETTI,https://www.plansuarez.com/index.php?route=product/search&search=spaghetti,False,
2026-08-16,platano,central,0.0,,USD,,,False,Producto no disponible en Central Madeirense
2026-08-16,platano,gama,3.27,"Ref. 3,27",USD,"PLATANOS 1,500 KG",https://gamaenlinea.com/es,False,
2026-08-16,platano,plansuarez,1.45,"Bs.1,118.05",VES,PLATANO X KG,https://www.plansuarez.com/index.php?route=product/search&search=platano,False,
2026-08-16,pollo,central,0.0,,USD,,https://tucentralonline.com/Av-Presidente-Medina-02/comprar/refrigerados/carniceria-pescaderia/carnes-aves/?s=pechuga+pollo+kg,True,"Error: Page.goto: net::ERR_EMPTY_RESPONSE at https://tucentralonline.com/Av-Presidente-Medina-02/comprar/refrigerados/carniceria-pescaderia/carnes-aves/?s=pechuga+pollo+kg
Call log:
  - navigating to ""https://tucentralonline.com/Av-Presidente-Medina-02/comprar/refrigerados/carniceria-pescaderia/carnes-aves/?s=pechuga+pollo+kg"", waiting until ""domcontentloaded""
"
2026-08-16,pollo,gama,10.13,"Ref. 10,13",USD,"PECHUGA DE POLLO SIN HUESO 1,500 KG",https://gamaenlinea.com/es,True,"Cambio de 69.1% vs semana anterior (anterior: $5.99, nuevo: $10.13)"
2026-08-16,pollo,plansuarez,3.43,"Bs.2,647.55",VES,BANDEJA PECHUGA HERMO DE POLLO !300! GR,https://www.plansuarez.com/index.php?route=product/search&search=pechuga+de+pollo,False,
2026-08-16,queso_blanco,central,0.0,,USD,,https://tucentralonline.com/Av-Presidente-Medina-02/comprar/charcuteria/quesos/?s=queso+blanco+zedeno+kg,True,"Error: Page.goto: net::ERR_EMPTY_RESPONSE at https://tucentralonline.com/Av-Presidente-Medina-02/comprar/charcuteria/quesos/?s=queso+blanco+zedeno+kg
Call log:
  - navigating to ""https://tucentralonline.com/Av-Presidente-Medina-02/comprar/charcuteria/quesos/?s=queso+blanco+zedeno+kg"", waiting until ""domcontentloaded""
"
2026-08-16,queso_blanco,gama,2.4,"Ref. 2,40",USD,QUESO BLANCO DURO LLANERO 400 GR,https://gamaenlinea.com/es,False,
2026-08-16,queso_blanco,plansuarez,10.35,"Bs.7,981.36",VES,QUESO BLANCO AHUMADO X KG,https://www.plansuarez.com/index.php?route=product/search&search=queso+blanco,False,
2026-08-16,sal,central,0.0,,USD,,https://tucentralonline.com/Av-Presidente-Medina-02/comprar/viveres/?s=sal+refinada,True,"Error: Page.goto: net::ERR_EMPTY_RESPONSE at https://tucentralonline.com/Av-Presidente-Medina-02/comprar/viveres/?s=sal+refinada
Call log:
  - navigating to ""https://tucentralonline.com/Av-Presidente-Medina-02/comprar/viveres/?s=sal+refinada"", waiting until ""domcontentloaded""
"
2026-08-16,sal,gama,1.16,"Ref. 1,16",USD,SAL REFINADA EN BOLSA CELESTIAL SALT 1 KG,https://gamaenlinea.com/es,False,
2026-08-16,sal,plansuarez,0.86,Bs.663.12,VES,SAL ARRECIFE 1KG REFINADA,https://www.plansuarez.com/index.php?route=product/search&search=sal+refinada,False,
2026-08-16,sardinas,central,0.0,,USD,,,False,Producto no disponible en Central Madeirense
2026-08-16,sardinas,gama,2.02,"Ref. 2,02",USD,SARDINAS EN ESCABECHE EVEBA 125 GR,https://gamaenlinea.com/es,True,"Cambio de 65.6% vs semana anterior (anterior: $1.22, nuevo: $2.02)"
2026-08-16,sardinas,plansuarez,5.8,"Bs.4,472.22",VES,SARDINAS NOYA 184GR ACEITE VEGETAL SIN PIEL/ESPINAS,https://www.plansuarez.com/index.php?route=product/search&search=sardinas,False,
2026-08-16,tomate,central,0.0,,USD,,https://tucentralonline.com/Av-Presidente-Medina-02/comprar/fruteria-y-vegetales/vegetales/?s=tomate,True,"Error: Page.goto: net::ERR_EMPTY_RESPONSE at https://tucentralonline.com/Av-Presidente-Medina-02/comprar/fruteria-y-vegetales/vegetales/?s=tomate
Call log:
  - navigating to ""https://tucentralonline.com/Av-Presidente-Medina-02/comprar/fruteria-y-vegetales/vegetales/?s=tomate"", waiting until ""domcontentloaded""
"
2026-08-16,tomate,gama,6.38,"Ref. 6,38",USD,"TOMATE MANZANO EN BANDEJA 1,200 KG",https://gamaenlinea.com/es,False,
2026-08-16,tomate,plansuarez,0.94,Bs.724.81,VES,BANDEJA TOMATE PERITA !500! GR,https://www.plansuarez.com/index.php?route=product/search&search=tomate,False,
2026-08-23,aceite,central,3.29,"3,29",USD,Aceite Coposa Vegetal 850Mlts,https://tucentralonline.com/Av-Presidente-Medina-02/comprar/viveres/margarinas-y-aceites/?s=aceite+coposa+vegetal+850,False,
2026-08-23,aceite,gama,4.0,"Ref. 4,00",USD,ACEITE VEGETAL VATEL 1 LT,https://gamaenlinea.com/es,False,
2026-08-23,aceite,plansuarez,3.79,"Bs.2,959.14",VES,ACEITE VATEL 1LT VEGETAL,https://www.plansuarez.com/index.php?route=product/search&search=aceite+vegetal,False,
2026-08-23,arroz,central,1.25,"1,25",USD,Arroz Monica Blanco Tipo I 900Gr,https://tucentralonline.com/Av-Presidente-Medina-02/comprar/viveres/arroz-y-granos/?s=arroz+monica+blanco+900,False,
2026-08-23,arroz,gama,2.57,"Ref. 2,57",USD,ARROZ BLANCO PREMIUM TIPO 1 MARY 2 KG,https://gamaenlinea.com/es,False,
2026-08-23,arroz,plansuarez,1.36,"Bs.1,059.17",VES,ARROZ PANTERA 908GR TIPO 1 BLANCO,https://www.plansuarez.com/index.php?route=product/search&search=arroz+blanco,False,
2026-08-23,atun,central,2.29,"2,29",USD,Atun Pafia Lomo en Agua 140Grs,https://tucentralonline.com/Av-Presidente-Medina-02/comprar/viveres/enlatados/?s=atun+pafia+agua+140,False,
2026-08-23,atun,gama,1.85,"Ref. 1,85",USD,ATUN EN AGUA VIVALDI 140 GR,https://gamaenlinea.com/es,False,
2026-08-23,atun,plansuarez,3.25,"Bs.2,534.01",VES,ATUN LA FRAGUA 145GR LIMON,https://www.plansuarez.com/index.php?route=product/search&search=atun,False,
2026-08-23,azucar,central,1.99,"1,99",USD,Azucar Kaly Blanca Plastico 1Kg,https://tucentralonline.com/Av-Presidente-Medina-02/comprar/viveres/cafe-y-endulzantes/?s=azucar+kaly+blanca+1kg,False,
2026-08-23,azucar,gama,2.01,"Ref. 2,01",USD,AZÚCAR BLANCA REFINADA AMANECER 1 KG,https://gamaenlinea.com/es,False,
2026-08-23,azucar,plansuarez,1.73,"Bs.1,352.24",VES,AZUCAR AMANECER 1KG REFINADA,https://www.plansuarez.com/index.php?route=product/search&search=azucar,False,
2026-08-23,cafe,central,3.05,"3,05",USD,Cafe Flor De Arauca Gourmet Molido Paq. 200Gr,https://tucentralonline.com/Av-Presidente-Medina-02/comprar/viveres/cafe-y-endulzantes/?s=cafe+flor+arauca+molido+200,False,
2026-08-23,cafe,gama,2.48,"Ref. 2,48",USD,CAFE GOURMET JP 200 GR,https://gamaenlinea.com/es,False,
2026-08-23,cafe,plansuarez,2.76,"Bs.2,152.67",VES,CAFE FLOR DE ARAUCA 200GR,https://www.plansuarez.com/index.php?route=product/search&search=cafe+molido,False,
2026-08-23,caraotas,central,0.0,,USD,,https://tucentralonline.com/Av-Presidente-Medina-02/comprar/viveres/arroz-y-granos/?s=caraotas+mary+negras+400,True,Producto 'caraotas mary negras 400' no encontrado en https://tucentralonline.com/Av-Presidente-Medina-02/comprar/viveres/arroz-y-granos/?s=caraotas+mary+negras+400
2026-08-23,caraotas,gama,1.11,"Ref. 1,11",USD,CARAOTAS NEGRAS MARY 400 GR,https://gamaenlinea.com/es,False,
2026-08-23,caraotas,plansuarez,1.1,Bs.857.95,VES,CARAOTAS MARY 400GR NEGRAS,https://www.plansuarez.com/index.php?route=product/search&search=caraotas+negras,False,
2026-08-23,carne_molida,central,12.65,"12,65",USD,Carne Molida Premium KG,https://tucentralonline.com/Av-Presidente-Medina-02/comprar/refrigerados/carniceria-pescaderia/carnes-aves/?s=carne+molida+premium+kg,False,
2026-08-23,carne_molida,gama,7.99,"Ref. 7,99",USD,CARNE MOLIDA DE RES 1 KG,https://gamaenlinea.com/es,False,
2026-08-23,carne_molida,plansuarez,8.98,"Bs.7,003.97",VES,CARNE MOLIDA X KG PLANSUAREZ,https://www.plansuarez.com/index.php?route=product/search&search=carne+molida,False,
2026-08-23,cebolla,central,2.29,"2,29",USD,Cebolla Blanca Nacional 1000Gr,https://tucentralonline.com/Av-Presidente-Medina-02/comprar/fruteria-y-vegetales/vegetales/?s=cebolla+blanca+1000,False,
2026-08-23,cebolla,gama,1.55,"Ref. 1,55",USD,CEBOLLA 700 GR,https://gamaenlinea.com/es,False,
2026-08-23,cebolla,plansuarez,6.4,"Bs.4,991.69",VES,AJO CEBOLLA PEREJIL X KG MOLIDO,https://www.plansuarez.com/index.php?route=product/search&search=cebolla,False,
2026-08-23,harina_maiz,central,1.13,"1,13",USD,Harina de Maiz Kaly Blanca 1KG,https://tucentralonline.com/Av-Presidente-Medina-02/comprar/viveres/harinas/?s=harina+maiz+kaly+1kg,False,
2026-08-23,harina_maiz,gama,1.03,"Ref. 1,03",USD,HARINA DE MAIZ BLANCO JUANA 1 KG,https://gamaenlinea.com/es,False,
2026-08-23,harina_maiz,plansuarez,1.16,Bs.902.91,VES,HARINA DE MAIZ KALY 1KG BLANCA,https://www.plansuarez.com/index.php?route=product/search&search=harina+de+maiz,False,
2026-08-23,huevos,central,6.29,"6,29",USD,Huevos Rojos Grande Est. 30 Unidades,https://tucentralonline.com/Av-Presidente-Medina-02/comprar/refrigerados/huevos/?s=huevos+rojos+30+unidades,True,"Cambio de 62.1% vs semana anterior (anterior: $3.88, nuevo: $6.29)"
2026-08-23,huevos,gama,6.27,"Ref. 6,27",USD,HUEVOS 30 UN,https://gamaenlinea.com/es,False,
2026-08-23,huevos,plansuarez,5.74,"Bs.4,476.93",VES,HUEVOS EL TUNAL 30UND,https://www.plansuarez.com/index.php?route=product/search&search=huevos,False,
2026-08-23,leche_polvo,central,7.79,"7,79",USD,Leche La Campina En Polvo Completa 400Gr,https://tucentralonline.com/Av-Presidente-Medina-02/comprar/viveres/lacteos-y-derivados/?s=leche+campina+polvo+400,False,
2026-08-23,leche_polvo,gama,6.25,"Ref. 6,25",USD,LECHE EN POLVO COMPLETA CAMPESTRE 400 GR,https://gamaenlinea.com/es,False,
2026-08-23,leche_polvo,plansuarez,6.25,"Bs.4,874.70",VES,LECHE DOBON 400GR COMPLETA,https://www.plansuarez.com/index.php?route=product/search&search=leche+completa,False,
2026-08-23,lentejas,central,1.55,"1,55",USD,Lentejas Mary 400Gr,https://tucentralonline.com/Av-Presidente-Medina-02/comprar/viveres/arroz-y-granos/?s=lentejas+mary+400,False,
2026-08-23,lentejas,gama,1.54,"Ref. 1,54",USD,LENTEJAS MARY 400 GR,https://gamaenlinea.com/es,False,
2026-08-23,lentejas,plansuarez,1.51,"Bs.1,179.68",VES,LENTEJAS MARY 400GR,https://www.plansuarez.com/index.php?route=product/search&search=lentejas,False,
2026-08-23,mantequilla,central,9.46,"9,46",USD,Mantequilla La Paisana Sin Sal Barra 200Gr,https://tucentralonline.com/Av-Presidente-Medina-02/comprar/viveres/margarinas-y-aceites/?s=mantequilla+paisana+200,False,
2026-08-23,mantequilla,gama,9.16,"Ref. 9,16",USD,MANTEQUILLA LA PAISANA 200 GR,https://gamaenlinea.com/es,True,"Cambio de 94.1% vs semana anterior (anterior: $4.72, nuevo: $9.16)"
2026-08-23,mantequilla,plansuarez,2.67,"Bs.2,079.90",VES,GALLETAS EMECE 125GR MANTEQUILLA,https://www.plansuarez.com/index.php?route=product/search&search=mantequilla,False,
2026-08-23,margarina,central,2.49,"2,49",USD,Margarina Juana 454Gr,https://tucentralonline.com/Av-Presidente-Medina-02/comprar/viveres/margarinas-y-aceites/?s=margarina+juana+454,False,
2026-08-23,margarina,gama,3.22,"Ref. 3,22",USD,MARGARINA LIGERA MAVESA 500 GR,https://gamaenlinea.com/es,False,
2026-08-23,margarina,plansuarez,2.16,"Bs.1,682.22",VES,MARGARINA JUANA 454GR,https://www.plansuarez.com/index.php?route=product/search&search=margarina,False,
2026-08-23,papa,central,3.45,"3,45",USD,Papa Criolla Lavada KG,https://tucentralonline.com/Av-Presidente-Medina-02/comprar/fruteria-y-vegetales/vegetales/?s=papa+criolla+kg,False,
2026-08-23,papa,gama,3.5,"Ref. 3,50",USD,PAPA LAVADA 1 KG,https://gamaenlinea.com/es,False,
2026-08-23,papa,plansuarez,1.2,Bs.935.94,VES,BANDEJA PAPA !500! GR,https://www.plansuarez.com/index.php?route=product/search&search=papa,False,
2026-08-23,pasta,central,1.15,"1,15",USD,Pasta Galo Spaghetti 500Gr,https://tucentralonline.com/Av-Presidente-Medina-02/comprar/viveres/pastas/?s=spaghetti+galo+500,False,
2026-08-23,pasta,gama,1.05,"Ref. 1,05",USD,PASTA DE SEMOLA TRIGO DURUM SPAGUETTI GALO 500 GR,https://gamaenlinea.com/es,False,
2026-08-23,pasta,plansuarez,2.5,"Bs.1,949.88",VES,PASTA DIVELLA 500GR SPAGHETTI,https://www.plansuarez.com/index.php?route=product/search&search=spaghetti,False,
2026-08-23,platano,central,0.0,,USD,,,False,Producto no disponible en Central Madeirense
2026-08-23,platano,gama,3.15,"Ref. 3,15",USD,"PLATANOS 1,500 KG",https://gamaenlinea.com/es,False,
2026-08-23,platano,plansuarez,2.87,"Bs.2,238.58",VES,BOCADILLOS TOM 20UND PLATANO,https://www.plansuarez.com/index.php?route=product/search&search=platano,True,"Cambio de 97.9% vs semana anterior (anterior: $1.45, nuevo: $2.87)"
2026-08-23,pollo,central,7.48,"7,48",USD,Delicia De Pechuga de Pollo Kg KG,https://tucentralonline.com/Av-Presidente-Medina-02/comprar/refrigerados/carniceria-pescaderia/carnes-aves/?s=pechuga+pollo+kg,False,
2026-08-23,pollo,gama,10.13,"Ref. 10,13",USD,"PECHUGA DE POLLO SIN HUESO 1,500 KG",https://gamaenlinea.com/es,False,
2026-08-23,pollo,plansuarez,3.25,"Bs.2,533.28",VES,BANDEJA PECHUGA HERMO DE POLLO !300! GR,https://www.plansuarez.com/index.php?route=product/search&search=pechuga+de+pollo,False,
2026-08-23,queso_blanco,central,14.16,"14,16",USD,Queso Blanco Pasteurizado El Zedeño KG,https://tucentralonline.com/Av-Presidente-Medina-02/comprar/charcuteria/quesos/?s=queso+blanco+zedeno+kg,False,
2026-08-23,queso_blanco,gama,7.02,"Ref. 7,02",USD,QUESO BLANCO DURO FINCA 450 GR,https://gamaenlinea.com/es,True,"Cambio de 192.5% vs semana anterior (anterior: $2.40, nuevo: $7.02)"
2026-08-23,queso_blanco,plansuarez,5.73,"Bs.4,471.73",VES,BANDEJA QUESO BLANCO DON ARMANDO !500! G,https://www.plansuarez.com/index.php?route=product/search&search=queso+blanco,True,"Cambio de 44.6% vs semana anterior (anterior: $10.35, nuevo: $5.73)"
2026-08-23,sal,central,1.07,"1,07",USD,Sal DelMar Refinada Paquete 1Kg,https://tucentralonline.com/Av-Presidente-Medina-02/comprar/viveres/?s=sal+refinada,False,
2026-08-23,sal,gama,1.16,"Ref. 1,16",USD,SAL REFINADA EN BOLSA CELESTIAL SALT 1 KG,https://gamaenlinea.com/es,False,
2026-08-23,sal,plansuarez,0.86,Bs.670.76,VES,SAL ARRECIFE 1KG REFINADA,https://www.plansuarez.com/index.php?route=product/search&search=sal+refinada,False,
2026-08-23,sardinas,central,0.0,,USD,,,False,Producto no disponible en Central Madeirense
2026-08-23,sardinas,gama,2.12,"Ref. 2,12",USD,SARDINAS EN ESCABECHE EVEBA 125 GR,https://gamaenlinea.com/es,False,
2026-08-23,sardinas,plansuarez,5.8,"Bs.4,523.72",VES,SARDINAS NOYA 184GR ACEITE VEGETAL SIN PIEL/ESPINAS,https://www.plansuarez.com/index.php?route=product/search&search=sardinas,False,
2026-08-23,tomate,central,0.0,,USD,,https://tucentralonline.com/Av-Presidente-Medina-02/comprar/fruteria-y-vegetales/vegetales/?s=tomate,True,Producto 'tomate' no encontrado en https://tucentralonline.com/Av-Presidente-Medina-02/comprar/fruteria-y-vegetales/vegetales/?s=tomate
2026-08-23,tomate,gama,6.38,"Ref. 6,38",USD,"TOMATE MANZANO EN BANDEJA 1,200 KG",https://gamaenlinea.com/es,False,
2026-08-23,tomate,plansuarez,1.33,"Bs.1,039.94",VES,BANDEJA TOMATE PERITA !500! GR,https://www.plansuarez.com/index.php?route=product/search&search=tomate,True,"Cambio de 41.5% vs semana anterior (anterior: $0.94, nuevo: $1.33)"
2026-08-30,aceite,central,3.29,"3,29",USD,Aceite Coposa Vegetal 850Mlts,https://tucentralonline.com/Av-Presidente-Medina-02/comprar/viveres/margarinas-y-aceites/?s=aceite+coposa+vegetal+850,False,
2026-08-30,aceite,gama,4.0,"Ref. 4,00",USD,ACEITE VEGETAL VATEL 1 LT,https://gamaenlinea.com/es,False,
2026-08-30,aceite,plansuarez,3.88,"Bs.3,072.38",VES,ACEITE VATEL 1LT VEGETAL,https://www.plansuarez.com/index.php?route=product/search&search=aceite+vegetal,False,
2026-08-30,arroz,central,1.25,"1,25",USD,Arroz Monica Blanco Tipo I 900Gr,https://tucentralonline.com/Av-Presidente-Medina-02/comprar/viveres/arroz-y-granos/?s=arroz+monica+blanco+900,False,
2026-08-30,arroz,gama,1.29,"Ref. 1,29",USD,ARROZ MARY ESMERALDA 900 GR,https://gamaenlinea.com/es,True,"Cambio de 49.8% vs semana anterior (anterior: $2.57, nuevo: $1.29)"
2026-08-30,arroz,plansuarez,1.36,"Bs.1,075.08",VES,ARROZ PANTERA 908GR TIPO 1 BLANCO,https://www.plansuarez.com/index.php?route=product/search&search=arroz+blanco,False,
2026-08-30,atun,central,2.29,"2,29",USD,Atun Pafia Lomo en Agua 140Grs,https://tucentralonline.com/Av-Presidente-Medina-02/comprar/viveres/enlatados/?s=atun+pafia+agua+140,False,
2026-08-30,atun,gama,1.66,"Ref. 1,66",USD,ATUN EN AGUA VIVALDI 140 GR,https://gamaenlinea.com/es,False,
2026-08-30,atun,plansuarez,3.25,"Bs.2,572.07",VES,ATUN LA FRAGUA 145GR LIMON,https://www.plansuarez.com/index.php?route=product/search&search=atun,False,
2026-08-30,azucar,central,1.99,"1,99",USD,Azucar Kaly Blanca Plastico 1Kg,https://tucentralonline.com/Av-Presidente-Medina-02/comprar/viveres/cafe-y-endulzantes/?s=azucar+kaly+blanca+1kg,False,
2026-08-30,azucar,gama,2.01,"Ref. 2,01",USD,AZÚCAR BLANCA REFINADA AMANECER 1 KG,https://gamaenlinea.com/es,False,
2026-08-30,azucar,plansuarez,1.6,"Bs.1,266.67",VES,AZUCAR LA PASTORA 1KG REFINADA,https://www.plansuarez.com/index.php?route=product/search&search=azucar,False,
2026-08-30,cafe,central,3.05,"3,05",USD,Cafe Flor De Arauca Gourmet Molido Paq. 200Gr,https://tucentralonline.com/Av-Presidente-Medina-02/comprar/viveres/cafe-y-endulzantes/?s=cafe+flor+arauca+molido+200,False,
2026-08-30,cafe,gama,2.75,"Ref. 2,75",USD,CAFE GOURMET JP 200 GR,https://gamaenlinea.com/es,False,
2026-08-30,cafe,plansuarez,2.6,"Bs.2,056.43",VES,CAFE FLOR DE ARAUCA 200GR,https://www.plansuarez.com/index.php?route=product/search&search=cafe+molido,False,
2026-08-30,caraotas,central,0.0,,USD,,https://tucentralonline.com/Av-Presidente-Medina-02/comprar/viveres/arroz-y-granos/?s=caraotas+mary+negras+400,True,Producto 'caraotas mary negras 400' no encontrado en https://tucentralonline.com/Av-Presidente-Medina-02/comprar/viveres/arroz-y-granos/?s=caraotas+mary+negras+400
2026-08-30,caraotas,gama,1.11,"Ref. 1,11",USD,CARAOTAS NEGRAS MARY 400 GR,https://gamaenlinea.com/es,False,
2026-08-30,caraotas,plansuarez,1.04,Bs.819.61,VES,CARAOTAS MARY 400GR NEGRAS,https://www.plansuarez.com/index.php?route=product/search&search=caraotas+negras,False,
2026-08-30,carne_molida,central,12.65,"12,65",USD,Carne Molida Premium KG,https://tucentralonline.com/Av-Presidente-Medina-02/comprar/refrigerados/carniceria-pescaderia/carnes-aves/?s=carne+molida+premium+kg,False,
2026-08-30,carne_molida,gama,7.99,"Ref. 7,99",USD,CARNE MOLIDA DE RES 1 KG,https://gamaenlinea.com/es,False,
2026-08-30,carne_molida,plansuarez,10.63,"Bs.8,411.46",VES,CARNE MOLIDA X KG PLANSUAREZ,https://www.plansuarez.com/index.php?route=product/search&search=carne+molida,False,
2026-08-30,cebolla,central,1.79,"1,79",USD,Cebolla Blanca Nacional 1000Gr,https://tucentralonline.com/Av-Presidente-Medina-02/comprar/fruteria-y-vegetales/vegetales/?s=cebolla+blanca+1000,False,
2026-08-30,cebolla,gama,1.44,"Ref. 1,44",USD,CEBOLLA 700 GR,https://gamaenlinea.com/es,False,
2026-08-30,cebolla,plansuarez,6.4,"Bs.5,066.67",VES,AJO CEBOLLA PEREJIL X KG MOLIDO,https://www.plansuarez.com/index.php?route=product/search&search=cebolla,False,
2026-08-30,harina_maiz,central,1.13,"1,13",USD,Harina de Maiz Kaly Blanca 1KG,https://tucentralonline.com/Av-Presidente-Medina-02/comprar/viveres/harinas/?s=harina+maiz+kaly+1kg,False,
2026-08-30,harina_maiz,gama,1.03,"Ref. 1,03",USD,HARINA DE MAIZ BLANCO JUANA 1 KG,https://gamaenlinea.com/es,False,
2026-08-30,harina_maiz,plansuarez,1.16,Bs.916.47,VES,HARINA DE MAIZ KALY 1KG BLANCA,https://www.plansuarez.com/index.php?route=product/search&search=harina+de+maiz,False,
2026-08-30,huevos,central,6.48,"6,48",USD,Huevos Rojos Grande Est. 30 Unidades,https://tucentralonline.com/Av-Presidente-Medina-02/comprar/refrigerados/huevos/?s=huevos+rojos+30+unidades,False,
2026-08-30,huevos,gama,6.27,"Ref. 6,27",USD,HUEVOS 30 UN,https://gamaenlinea.com/es,False,
2026-08-30,huevos,plansuarez,6.45,"Bs.5,106.25",VES,HUEVOS EL TUNAL 30UND,https://www.plansuarez.com/index.php?route=product/search&search=huevos,False,
2026-08-30,leche_polvo,central,7.79,"7,79",USD,Leche La Campina En Polvo Completa 400Gr,https://tucentralonline.com/Av-Presidente-Medina-02/comprar/viveres/lacteos-y-derivados/?s=leche+campina+polvo+400,False,
2026-08-30,leche_polvo,gama,15.2,"Ref. 15,20",USD,LECHE COMPLETA EN BOLSA LA CAMPIÑA 900 GR,https://gamaenlinea.com/es,True,"Cambio de 143.2% vs semana anterior (anterior: $6.25, nuevo: $15.20)"
2026-08-30,leche_polvo,plansuarez,5.88,"Bs.4,656.90",VES,LECHE DOBON 400GR COMPLETA,https://www.plansuarez.com/index.php?route=product/search&search=leche+completa,False,
2026-08-30,lentejas,central,1.55,"1,55",USD,Lentejas Mary 400Gr,https://tucentralonline.com/Av-Presidente-Medina-02/comprar/viveres/arroz-y-granos/?s=lentejas+mary+400,False,
2026-08-30,lentejas,gama,1.54,"Ref. 1,54",USD,LENTEJAS MARY 400 GR,https://gamaenlinea.com/es,False,
2026-08-30,lentejas,plansuarez,1.42,"Bs.1,126.94",VES,LENTEJAS MARY 400GR,https://www.plansuarez.com/index.php?route=product/search&search=lentejas,False,
2026-08-30,mantequilla,central,9.46,"9,46",USD,Mantequilla La Paisana Sin Sal Barra 200Gr,https://tucentralonline.com/Av-Presidente-Medina-02/comprar/viveres/margarinas-y-aceites/?s=mantequilla+paisana+200,False,
2026-08-30,mantequilla,gama,9.16,"Ref. 9,16",USD,MANTEQUILLA LA PAISANA 200 GR,https://gamaenlinea.com/es,False,
2026-08-30,mantequilla,plansuarez,2.67,"Bs.2,111.14",VES,GALLETAS EMECE 125GR MANTEQUILLA,https://www.plansuarez.com/index.php?route=product/search&search=mantequilla,False,
2026-08-30,margarina,central,2.49,"2,49",USD,Margarina Juana 454Gr,https://tucentralonline.com/Av-Presidente-Medina-02/comprar/viveres/margarinas-y-aceites/?s=margarina+juana+454,False,
2026-08-30,margarina,gama,3.12,"Ref. 3,12",USD,MARGARINA NORMAL MAVESA 500 GR,https://gamaenlinea.com/es,False,
2026-08-30,margarina,plansuarez,2.16,"Bs.1,707.48",VES,MARGARINA JUANA 454GR,https://www.plansuarez.com/index.php?route=product/search&search=margarina,False,
2026-08-30,papa,central,3.45,"3,45",USD,Papa Criolla Lavada KG,https://tucentralonline.com/Av-Presidente-Medina-02/comprar/fruteria-y-vegetales/vegetales/?s=papa+criolla+kg,False,
2026-08-30,papa,gama,3.5,"Ref. 3,50",USD,PAPA LAVADA 1 KG,https://gamaenlinea.com/es,False,
2026-08-30,papa,plansuarez,1.2,Bs.950.00,VES,BANDEJA PAPA !500! GR,https://www.plansuarez.com/index.php?route=product/search&search=papa,False,
2026-08-30,pasta,central,1.15,"1,15",USD,Pasta Galo Spaghetti 500Gr,https://tucentralonline.com/Av-Presidente-Medina-02/comprar/viveres/pastas/?s=spaghetti+galo+500,False,
2026-08-30,pasta,gama,0.0,,USD,,https://gamaenlinea.com/es,True,Producto 'pasta spaghetti 500g' no encontrado en autocomplete
2026-08-30,pasta,plansuarez,2.35,"Bs.1,862.71",VES,PASTA DIVELLA 500GR SPAGHETTI,https://www.plansuarez.com/index.php?route=product/search&search=spaghetti,False,
2026-08-30,platano,central,0.0,,USD,,,False,Producto no disponible en Central Madeirense
2026-08-30,platano,gama,3.15,"Ref. 3,15",USD,"PLATANOS 1,500 KG",https://gamaenlinea.com/es,False,
2026-08-30,platano,plansuarez,1.99,"Bs.1,575.42",VES,PLATANO X KG,https://www.plansuarez.com/index.php?route=product/search&search=platano,True,"Cambio de 30.7% vs semana anterior (anterior: $2.87, nuevo: $1.99)"
2026-08-30,pollo,central,7.48,"7,48",USD,Delicia De Pechuga de Pollo Kg KG,https://tucentralonline.com/Av-Presidente-Medina-02/comprar/refrigerados/carniceria-pescaderia/carnes-aves/?s=pechuga+pollo+kg,False,
2026-08-30,pollo,gama,10.13,"Ref. 10,13",USD,"PECHUGA DE POLLO SIN HUESO 1,500 KG",https://gamaenlinea.com/es,False,
2026-08-30,pollo,plansuarez,3.25,"Bs.2,571.34",VES,BANDEJA PECHUGA HERMO DE POLLO !300! GR,https://www.plansuarez.com/index.php?route=product/search&search=pechuga+de+pollo,False,
2026-08-30,queso_blanco,central,14.16,"14,16",USD,Queso Blanco Pasteurizado El Zedeño KG,https://tucentralonline.com/Av-Presidente-Medina-02/comprar/charcuteria/quesos/?s=queso+blanco+zedeno+kg,False,
2026-08-30,queso_blanco,gama,3.0,"Ref. 3,00",USD,QUESO BLANCO DURO LLANERO 400 GR,https://gamaenlinea.com/es,True,"Cambio de 57.3% vs semana anterior (anterior: $7.02, nuevo: $3.00)"
2026-08-30,queso_blanco,plansuarez,11.5,"Bs.9,105.20",VES,QUESO BLANCO AHUMADO X KG,https://www.plansuarez.com/index.php?route=product/search&search=queso+blanco,True,"Cambio de 100.7% vs semana anterior (anterior: $5.73, nuevo: $11.50)"
2026-08-30,sal,central,1.07,"1,07",USD,Sal DelMar Refinada Paquete 1Kg,https://tucentralonline.com/Av-Presidente-Medina-02/comprar/viveres/?s=sal+refinada,False,
2026-08-30,sal,gama,0.87,"Ref. 0,87",USD,SAL MARINA EVAPORADA REFINADA EN BOLSA CELESTIAL SALT 1 KG,https://gamaenlinea.com/es,False,
2026-08-30,sal,plansuarez,0.68,Bs.540.20,VES,SAL ARRECIFE 1KG REFINADA,https://www.plansuarez.com/index.php?route=product/search&search=sal+refinada,False,
2026-08-30,sardinas,central,0.0,,USD,,,False,Producto no disponible en Central Madeirense
2026-08-30,sardinas,gama,1.04,"Ref. 1,04",USD,SARDINAS AL NATURAL ORIENTE 170 GR,https://gamaenlinea.com/es,True,"Cambio de 50.9% vs semana anterior (anterior: $2.12, nuevo: $1.04)"
2026-08-30,sardinas,plansuarez,5.8,"Bs.4,591.66",VES,SARDINAS NOYA 184GR ACEITE VEGETAL SIN PIEL/ESPINAS,https://www.plansuarez.com/index.php?route=product/search&search=sardinas,False,
2026-08-30,tomate,central,0.0,,USD,,https://tucentralonline.com/Av-Presidente-Medina-02/comprar/fruteria-y-vegetales/vegetales/?s=tomate,True,Producto 'tomate' no encontrado en https://tucentralonline.com/Av-Presidente-Medina-02/comprar/fruteria-y-vegetales/vegetales/?s=tomate
2026-08-30,tomate,gama,4.05,"Ref. 4,05",USD,PASSATA PURÉ DE TOMATE GAMA 680 ML,https://gamaenlinea.com/es,True,"Cambio de 36.5% vs semana anterior (anterior: $6.38, nuevo: $4.05)"
2026-08-30,tomate,plansuarez,1.47,"Bs.1,163.75",VES,BANDEJA TOMATE PERITA !500! GR,https://www.plansuarez.com/index.php?route=product/search&search=tomate,False,
2026-09-06,aceite,central,3.29,"3,29",USD,Aceite Coposa Vegetal 850Mlts,https://tucentralonline.com/Av-Presidente-Medina-02/comprar/viveres/margarinas-y-aceites/?s=aceite+coposa+vegetal+850,False,
2026-09-06,aceite,gama,4.17,"Ref. 4,17",USD,ACEITE VEGETAL VATEL 1 LT,https://gamaenlinea.com/es,False,
2026-09-06,aceite,plansuarez,0.0,,VES,,https://www.plansuarez.com/index.php?route=product/search&search=aceite+vegetal,True,Sin resultados para 'aceite vegetal'
2026-09-06,arroz,central,1.25,"1,25",USD,Arroz Monica Blanco Tipo I 900Gr,https://tucentralonline.com/Av-Presidente-Medina-02/comprar/viveres/arroz-y-granos/?s=arroz+monica+blanco+900,False,
2026-09-06,arroz,gama,1.29,"Ref. 1,29",USD,ARROZ MARY ESMERALDA 900 GR,https://gamaenlinea.com/es,False,
2026-09-06,arroz,plansuarez,0.0,,VES,,https://www.plansuarez.com/index.php?route=product/search&search=arroz+blanco,True,Sin resultados para 'arroz blanco'
2026-09-06,atun,central,2.29,"2,29",USD,Atun Pafia Lomo en Agua 140Grs,https://tucentralonline.com/Av-Presidente-Medina-02/comprar/viveres/enlatados/?s=atun+pafia+agua+140,False,
2026-09-06,atun,gama,1.85,"Ref. 1,85",USD,ATUN EN AGUA VIVALDI 140 GR,https://gamaenlinea.com/es,False,
2026-09-06,atun,plansuarez,0.0,,VES,,https://www.plansuarez.com/index.php?route=product/search&search=atun,True,Sin resultados para 'atun'
2026-09-06,azucar,central,1.69,"1,69",USD,Azucar Kaly Blanca Plastico 1Kg,https://tucentralonline.com/Av-Presidente-Medina-02/comprar/viveres/cafe-y-endulzantes/?s=azucar+kaly+blanca+1kg,False,
2026-09-06,azucar,gama,1.9,"Ref. 1,90",USD,AZÚCAR BLANCA REFINADA AMANECER 1 KG,https://gamaenlinea.com/es,False,
2026-09-06,azucar,plansuarez,0.0,,VES,,https://www.plansuarez.com/index.php?route=product/search&search=azucar,True,Sin resultados para 'azucar'
2026-09-06,cafe,central,3.05,"3,05",USD,Cafe Flor De Arauca Gourmet Molido Paq. 200Gr,https://tucentralonline.com/Av-Presidente-Medina-02/comprar/viveres/cafe-y-endulzantes/?s=cafe+flor+arauca+molido+200,False,
2026-09-06,cafe,gama,2.48,"Ref. 2,48",USD,CAFE GOURMET JP 200 GR,https://gamaenlinea.com/es,False,
2026-09-06,cafe,plansuarez,0.0,,VES,,https://www.plansuarez.com/index.php?route=product/search&search=cafe+molido,True,Sin resultados para 'cafe molido'
2026-09-06,caraotas,central,0.0,,USD,,https://tucentralonline.com/Av-Presidente-Medina-02/comprar/viveres/arroz-y-granos/?s=caraotas+mary+negras+400,True,Producto 'caraotas mary negras 400' no encontrado en https://tucentralonline.com/Av-Presidente-Medina-02/comprar/viveres/arroz-y-granos/?s=caraotas+mary+negras+400
2026-09-06,caraotas,gama,1.11,"Ref. 1,11",USD,CARAOTAS NEGRAS MARY 400 GR,https://gamaenlinea.com/es,False,
2026-09-06,caraotas,plansuarez,0.0,,VES,,https://www.plansuarez.com/index.php?route=product/search&search=caraotas+negras,True,Sin resultados para 'caraotas negras'
2026-09-06,carne_molida,central,12.65,"12,65",USD,Carne Molida Premium KG,https://tucentralonline.com/Av-Presidente-Medina-02/comprar/refrigerados/carniceria-pescaderia/carnes-aves/?s=carne+molida+premium+kg,False,
2026-09-06,carne_molida,gama,6.99,"Ref. 6,99",USD,CARNE MOLIDA DE RES 1 KG,https://gamaenlinea.com/es,False,
2026-09-06,carne_molida,plansuarez,0.0,,VES,,https://www.plansuarez.com/index.php?route=product/search&search=carne+molida,True,Sin resultados para 'carne molida'
2026-09-06,cebolla,central,1.79,"1,79",USD,Cebolla Blanca Nacional 1000Gr,https://tucentralonline.com/Av-Presidente-Medina-02/comprar/fruteria-y-vegetales/vegetales/?s=cebolla+blanca+1000,False,
2026-09-06,cebolla,gama,1.51,"Ref. 1,51",USD,CEBOLLA 700 GR,https://gamaenlinea.com/es,False,
2026-09-06,cebolla,plansuarez,0.0,,VES,,https://www.plansuarez.com/index.php?route=product/search&search=cebolla,True,Sin resultados para 'cebolla'
2026-09-06,harina_maiz,central,0.99,"0,99",USD,Harina de Maiz Kaly Blanca 1KG,https://tucentralonline.com/Av-Presidente-Medina-02/comprar/viveres/harinas/?s=harina+maiz+kaly+1kg,False,
2026-09-06,harina_maiz,gama,1.03,"Ref. 1,03",USD,HARINA DE MAIZ BLANCO JUANA 1 KG,https://gamaenlinea.com/es,False,
2026-09-06,harina_maiz,plansuarez,0.0,,VES,,https://www.plansuarez.com/index.php?route=product/search&search=harina+de+maiz,True,Sin resultados para 'harina de maiz'
2026-09-06,huevos,central,6.69,"6,69",USD,Huevos Rojos Grande Est. 30 Unidades,https://tucentralonline.com/Av-Presidente-Medina-02/comprar/refrigerados/huevos/?s=huevos+rojos+30+unidades,False,
2026-09-06,huevos,gama,6.5,"Ref. 6,50",USD,HUEVOS 30 UN,https://gamaenlinea.com/es,False,
2026-09-06,huevos,plansuarez,0.0,,VES,,https://www.plansuarez.com/index.php?route=product/search&search=huevos,True,Sin resultados para 'huevos'
2026-09-06,leche_polvo,central,7.79,"7,79",USD,Leche La Campina En Polvo Completa 400Gr,https://tucentralonline.com/Av-Presidente-Medina-02/comprar/viveres/lacteos-y-derivados/?s=leche+campina+polvo+400,False,
2026-09-06,leche_polvo,gama,15.2,"Ref. 15,20",USD,LECHE COMPLETA EN BOLSA LA CAMPIÑA 900 GR,https://gamaenlinea.com/es,False,
2026-09-06,leche_polvo,plansuarez,0.0,,VES,,https://www.plansuarez.com/index.php?route=product/search&search=leche+completa,True,Sin resultados para 'leche completa'
2026-09-06,lentejas,central,1.55,"1,55",USD,Lentejas Mary 400Gr,https://tucentralonline.com/Av-Presidente-Medina-02/comprar/viveres/arroz-y-granos/?s=lentejas+mary+400,False,
2026-09-06,lentejas,gama,1.54,"Ref. 1,54",USD,LENTEJAS MARY 400 GR,https://gamaenlinea.com/es,False,
2026-09-06,lentejas,plansuarez,0.0,,VES,,https://www.plansuarez.com/index.php?route=product/search&search=lentejas,True,Sin resultados para 'lentejas'
2026-09-06,mantequilla,central,9.46,"9,46",USD,Mantequilla La Paisana Sin Sal Barra 200Gr,https://tucentralonline.com/Av-Presidente-Medina-02/comprar/viveres/margarinas-y-aceites/?s=mantequilla+paisana+200,False,
2026-09-06,mantequilla,gama,9.16,"Ref. 9,16",USD,MANTEQUILLA LA PAISANA 200 GR,https://gamaenlinea.com/es,False,
2026-09-06,mantequilla,plansuarez,0.0,,VES,,https://www.plansuarez.com/index.php?route=product/search&search=mantequilla,True,Sin resultados para 'mantequilla'
2026-09-06,margarina,central,2.49,"2,49",USD,Margarina Juana 454Gr,https://tucentralonline.com/Av-Presidente-Medina-02/comprar/viveres/margarinas-y-aceites/?s=margarina+juana+454,False,
2026-09-06,margarina,gama,2.96,"Ref. 2,96",USD,MARGARINA NORMAL MAVESA 500 GR,https://gamaenlinea.com/es,False,
2026-09-06,margarina,plansuarez,0.0,,VES,,https://www.plansuarez.com/index.php?route=product/search&search=margarina,True,Sin resultados para 'margarina'
2026-09-06,papa,central,3.45,"3,45",USD,Papa Criolla Lavada KG,https://tucentralonline.com/Av-Presidente-Medina-02/comprar/fruteria-y-vegetales/vegetales/?s=papa+criolla+kg,False,
2026-09-06,papa,gama,3.5,"Ref. 3,50",USD,PAPA LAVADA 1 KG,https://gamaenlinea.com/es,False,
2026-09-06,papa,plansuarez,0.0,,VES,,https://www.plansuarez.com/index.php?route=product/search&search=papa,True,Sin resultados para 'papa'
2026-09-06,pasta,central,1.15,"1,15",USD,Pasta Galo Spaghetti 500Gr,https://tucentralonline.com/Av-Presidente-Medina-02/comprar/viveres/pastas/?s=spaghetti+galo+500,False,
2026-09-06,pasta,gama,0.0,,USD,,https://gamaenlinea.com/es,True,Producto 'pasta spaghetti 500g' no encontrado en autocomplete
2026-09-06,pasta,plansuarez,0.0,,VES,,https://www.plansuarez.com/index.php?route=product/search&search=spaghetti,True,Sin resultados para 'spaghetti'
2026-09-06,platano,central,0.0,,USD,,,False,Producto no disponible en Central Madeirense
2026-09-06,platano,gama,3.15,"Ref. 3,15",USD,"PLATANOS 1,500 KG",https://gamaenlinea.com/es,False,
2026-09-06,platano,plansuarez,0.0,,VES,,https://www.plansuarez.com/index.php?route=product/search&search=platano,True,Sin resultados para 'platano'
2026-09-06,pollo,central,7.48,"7,48",USD,Delicia De Pechuga de Pollo Kg KG,https://tucentralonline.com/Av-Presidente-Medina-02/comprar/refrigerados/carniceria-pescaderia/carnes-aves/?s=pechuga+pollo+kg,False,
2026-09-06,pollo,gama,8.99,"Ref. 8,99",USD,"PECHUGA DE POLLO SIN HUESO 1,500 KG",https://gamaenlinea.com/es,False,
2026-09-06,pollo,plansuarez,0.0,,VES,,https://www.plansuarez.com/index.php?route=product/search&search=pechuga+de+pollo,True,Sin resultados para 'pechuga de pollo'
2026-09-06,queso_blanco,central,14.16,"14,16",USD,Queso Blanco Pasteurizado El Zedeño KG,https://tucentralonline.com/Av-Presidente-Medina-02/comprar/charcuteria/quesos/?s=queso+blanco+zedeno+kg,False,
2026-09-06,queso_blanco,gama,3.4,"Ref. 3,40",USD,QUESO BLANCO DURO LLANERO 400 GR,https://gamaenlinea.com/es,False,
2026-09-06,queso_blanco,plansuarez,0.0,,VES,,https://www.plansuarez.com/index.php?route=product/search&search=queso+blanco,True,Sin resultados para 'queso blanco'
2026-09-06,sal,central,1.07,"1,07",USD,Sal DelMar Refinada Paquete 1Kg,https://tucentralonline.com/Av-Presidente-Medina-02/comprar/viveres/?s=sal+refinada,False,
2026-09-06,sal,gama,0.87,"Ref. 0,87",USD,SAL MARINA EVAPORADA REFINADA EN BOLSA CELESTIAL SALT 1 KG,https://gamaenlinea.com/es,False,
2026-09-06,sal,plansuarez,0.0,,VES,,https://www.plansuarez.com/index.php?route=product/search&search=sal+refinada,True,Sin resultados para 'sal refinada'
2026-09-06,sardinas,central,0.0,,USD,,,False,Producto no disponible en Central Madeirense
2026-09-06,sardinas,gama,1.04,"Ref. 1,04",USD,SARDINAS AL NATURAL ORIENTE 170 GR,https://gamaenlinea.com/es,False,
2026-09-06,sardinas,plansuarez,0.0,,VES,,https://www.plansuarez.com/index.php?route=product/search&search=sardinas,True,Sin resultados para 'sardinas'
2026-09-06,tomate,central,0.0,,USD,,https://tucentralonline.com/Av-Presidente-Medina-02/comprar/fruteria-y-vegetales/vegetales/?s=tomate,True,Producto 'tomate' no encontrado en https://tucentralonline.com/Av-Presidente-Medina-02/comprar/fruteria-y-vegetales/vegetales/?s=tomate
2026-09-06,tomate,gama,3.65,"Ref. 3,65",USD,PASSATA PURÉ DE TOMATE GAMA 680 ML,https://gamaenlinea.com/es,False,
2026-09-06,tomate,plansuarez,0.0,,VES,,https://www.plansuarez.com/index.php?route=product/search&search=tomate,True,Sin resultados para 'tomate'
